"film_id","title","rental_duration","replacement_cost","rental_rate","breakeven_time_of_rental","rate_of_return","breakeven_day"
846,"Sting Personal",3,"9.99","4.99","2.00","0.50","6"
551,"Maiden Home",3,"9.99","4.99","2.00","0.50","6"
662,"Paths Control",3,"9.99","4.99","2.00","0.50","6"
409,"Heartbreakers Bright",3,"9.99","4.99","2.00","0.50","6"
260,"Dude Blindness",3,"9.99","4.99","2.00","0.50","6"
501,"Kissing Dolls",3,"9.99","4.99","2.00","0.50","6"
627,"North Tequila",4,"9.99","4.99","2.00","0.50","8"
203,"Daisy Menagerie",5,"9.99","4.99","2.00","0.50","10"
272,"Edge Kissing",5,"9.99","4.99","2.00","0.50","10"
888,"Thin Sagebrush",5,"9.99","4.99","2.00","0.50","10"
686,"Pluto Oleander",5,"9.99","4.99","2.00","0.50","10"
565,"Matrix Snowman",6,"9.99","4.99","2.00","0.50","12"
307,"Fellowship Autumn",6,"9.99","4.99","2.00","0.50","12"
182,"Control Anthem",7,"9.99","4.99","2.00","0.50","14"
915,"Truman Crazy",7,"9.99","4.99","2.00","0.50","14"
845,"Stepmom Dream",7,"9.99","4.99","2.00","0.50","14"
639,"Opposite Necklace",7,"9.99","4.99","2.00","0.50","14"
941,"Videotape Arsenic",4,"10.99","4.99","2.20","0.45","9"
777,"Secretary Rouge",5,"10.99","4.99","2.20","0.45","11"
867,"Super Wyoming",5,"10.99","4.99","2.20","0.45","11"
632,"Nuts Ties",5,"10.99","4.99","2.20","0.45","11"
167,"Coma Head",6,"10.99","4.99","2.20","0.45","14"
685,"Platoon Instinct",6,"10.99","4.99","2.20","0.45","14"
979,"Witches Panic",6,"10.99","4.99","2.20","0.45","14"
633,"October Submarine",6,"10.99","4.99","2.20","0.45","14"
421,"Holiday Games",7,"10.99","4.99","2.20","0.45","16"
905,"Trainspotting Strangers",7,"10.99","4.99","2.20","0.45","16"
768,"Scarface Bang",3,"11.99","4.99","2.40","0.42","8"
324,"Flintstones Happiness",3,"11.99","4.99","2.40","0.42","8"
908,"Trap Guys",3,"11.99","4.99","2.40","0.42","8"
588,"Model Fish",4,"11.99","4.99","2.40","0.42","10"
568,"Memento Zoolander",4,"11.99","4.99","2.40","0.42","10"
933,"Vampire Whale",4,"11.99","4.99","2.40","0.42","10"
971,"Whale Bikini",4,"11.99","4.99","2.40","0.42","10"
893,"Titans Jerk",4,"11.99","4.99","2.40","0.42","10"
798,"Silverado Goldfinger",4,"11.99","4.99","2.40","0.42","10"
856,"Streetcar Intentions",5,"11.99","4.99","2.40","0.42","12"
500,"Kiss Glory",5,"11.99","4.99","2.40","0.42","12"
995,"Yentl Idaho",5,"11.99","4.99","2.40","0.42","12"
884,"Terminator Club",5,"11.99","4.99","2.40","0.42","12"
614,"Name Detective",5,"11.99","4.99","2.40","0.42","12"
755,"Sabrina Midnight",5,"11.99","4.99","2.40","0.42","12"
313,"Fidelity Devil",5,"11.99","4.99","2.40","0.42","12"
32,"Apocalypse Flamingos",6,"11.99","4.99","2.40","0.42","15"
86,"Boogie Amelie",6,"11.99","4.99","2.40","0.42","15"
141,"Chicago North",6,"11.99","4.99","2.40","0.42","15"
776,"Secret Groundhog",6,"11.99","4.99","2.40","0.42","15"
279,"Elizabeth Shane",7,"11.99","4.99","2.40","0.42","17"
455,"Impossible Prejudice",7,"11.99","4.99","2.40","0.42","17"
719,"Records Zorro",7,"11.99","4.99","2.40","0.42","17"
386,"Gump Date",3,"12.99","4.99","2.60","0.38","8"
861,"Suit Walls",3,"12.99","4.99","2.60","0.38","8"
580,"Mine Titans",3,"12.99","4.99","2.60","0.38","8"
853,"Stranger Strangers",3,"12.99","4.99","2.60","0.38","8"
2,"Ace Goldfinger",3,"12.99","4.99","2.60","0.38","8"
734,"Road Roxanne",4,"12.99","4.99","2.60","0.38","11"
980,"Wizard Coldblooded",4,"12.99","4.99","2.60","0.38","11"
98,"Bright Encounters",4,"12.99","4.99","2.60","0.38","11"
597,"Moonwalker Fool",5,"12.99","4.99","2.60","0.38","13"
131,"Center Dinosaur",5,"12.99","4.99","2.60","0.38","13"
159,"Closer Bang",5,"12.99","4.99","2.60","0.38","13"
805,"Sleepless Monsoon",5,"12.99","4.99","2.60","0.38","13"
271,"Easy Gladiator",5,"12.99","4.99","2.60","0.38","13"
695,"President Bang",6,"12.99","4.99","2.60","0.38","16"
229,"Devil Desire",6,"12.99","4.99","2.60","0.38","16"
172,"Coneheads Smoochy",7,"12.99","4.99","2.60","0.38","19"
451,"Igby Maker",7,"12.99","4.99","2.60","0.38","19"
950,"Volume House",7,"12.99","4.99","2.60","0.38","19"
46,"Autumn Crow",3,"13.99","4.99","2.80","0.36","9"
214,"Daughter Madigan",3,"13.99","4.99","2.80","0.36","9"
210,"Darko Dorado",3,"13.99","4.99","2.80","0.36","9"
860,"Suicides Silence",4,"13.99","4.99","2.80","0.36","12"
346,"Galaxy Sweethearts",4,"13.99","4.99","2.80","0.36","12"
881,"Temple Attraction",5,"13.99","4.99","2.80","0.36","14"
411,"Heavenly Gun",5,"13.99","4.99","2.80","0.36","14"
903,"Traffic Hobbit",5,"13.99","4.99","2.80","0.36","14"
392,"Hall Cassidy",5,"13.99","4.99","2.80","0.36","14"
171,"Commandments Express",6,"13.99","4.99","2.80","0.36","17"
174,"Confidential Interview",6,"13.99","4.99","2.80","0.36","17"
767,"Scalawag Duck",6,"13.99","4.99","2.80","0.36","17"
405,"Haunted Antitrust",6,"13.99","4.99","2.80","0.36","17"
804,"Sleeping Suspects",7,"13.99","4.99","2.80","0.36","20"
84,"Boiled Dares",7,"13.99","4.99","2.80","0.36","20"
713,"Rainbow Shock",3,"14.99","4.99","3.00","0.33","9"
946,"Virtual Spoilers",3,"14.99","4.99","3.00","0.33","9"
659,"Park Citizen",3,"14.99","4.99","3.00","0.33","9"
938,"Velvet Terminator",3,"14.99","4.99","3.00","0.33","9"
179,"Conquerer Nuts",4,"14.99","4.99","3.00","0.33","12"
267,"Eagles Panky",4,"14.99","4.99","3.00","0.33","12"
506,"Lady Stage",4,"14.99","4.99","3.00","0.33","12"
183,"Conversation Downhill",4,"14.99","4.99","3.00","0.33","12"
127,"Cat Coneheads",5,"14.99","4.99","3.00","0.33","15"
45,"Attraction Newton",5,"14.99","4.99","3.00","0.33","15"
340,"Frontier Cabin",6,"14.99","4.99","3.00","0.33","18"
263,"Durham Panky",6,"14.99","4.99","3.00","0.33","18"
75,"Bird Independence",6,"14.99","4.99","3.00","0.33","18"
515,"Legally Secretary",7,"14.99","4.99","3.00","0.33","21"
486,"Jet Neighbors",7,"14.99","4.99","3.00","0.33","21"
911,"Trip Newton",7,"14.99","4.99","3.00","0.33","21"
133,"Chamber Italian",7,"14.99","4.99","3.00","0.33","21"
212,"Darn Forrester",7,"14.99","4.99","3.00","0.33","21"
156,"Clerks Angels",3,"15.99","4.99","3.20","0.31","10"
653,"Panic Club",3,"15.99","4.99","3.20","0.31","10"
843,"Steel Santa",4,"15.99","4.99","3.20","0.31","13"
781,"Seven Swarm",4,"15.99","4.99","3.20","0.31","13"
77,"Birds Perdition",5,"15.99","4.99","3.20","0.31","16"
518,"Liaisons Sweet",5,"15.99","4.99","3.20","0.31","16"
8,"Airport Pollock",6,"15.99","4.99","3.20","0.31","20"
814,"Snatch Slipper",6,"15.99","4.99","3.20","0.31","20"
117,"Candles Grapes",6,"15.99","4.99","3.20","0.31","20"
694,"Prejudice Oleander",6,"15.99","4.99","3.20","0.31","20"
426,"Home Pity",7,"15.99","4.99","3.20","0.31","23"
780,"Sensibility Rear",7,"15.99","4.99","3.20","0.31","23"
389,"Gunfighter Mussolini",3,"9.99","2.99","3.34","0.30","11"
912,"Trojan Tomorrow",3,"9.99","2.99","3.34","0.30","11"
705,"Purple Movie",4,"9.99","2.99","3.34","0.30","14"
522,"Life Twisted",4,"9.99","2.99","3.34","0.30","14"
572,"Metropolis Coma",4,"9.99","2.99","3.34","0.30","14"
841,"Star Operation",5,"9.99","2.99","3.34","0.30","17"
476,"Jason Trap",5,"9.99","2.99","3.34","0.30","17"
880,"Telemark Heartbreakers",6,"9.99","2.99","3.34","0.30","21"
150,"Cider Desire",7,"9.99","2.99","3.34","0.30","24"
216,"Day Unfaithful",3,"16.99","4.99","3.40","0.29","11"
120,"Caribbean Liberty",3,"16.99","4.99","3.40","0.29","11"
195,"Crowds Telemark",3,"16.99","4.99","3.40","0.29","11"
126,"Casualties Encino",3,"16.99","4.99","3.40","0.29","11"
124,"Casper Dragonfly",3,"16.99","4.99","3.40","0.29","11"
578,"Million Ace",4,"16.99","4.99","3.40","0.29","14"
239,"Dogma Family",5,"16.99","4.99","3.40","0.29","17"
246,"Doubtfire Labyrinth",5,"16.99","4.99","3.40","0.29","17"
31,"Apache Divine",5,"16.99","4.99","3.40","0.29","17"
28,"Anthem Luke",5,"16.99","4.99","3.40","0.29","17"
485,"Jersey Sassy",6,"16.99","4.99","3.40","0.29","21"
563,"Massacre Usual",6,"16.99","4.99","3.40","0.29","21"
844,"Steers Armageddon",6,"16.99","4.99","3.40","0.29","21"
637,"Open African",7,"16.99","4.99","3.40","0.29","24"
676,"Philadelphia Wife",7,"16.99","4.99","3.40","0.29","24"
21,"American Circus",3,"17.99","4.99","3.61","0.28","11"
919,"Tycoon Gathering",3,"17.99","4.99","3.61","0.28","11"
682,"Pittsburgh Hunchback",4,"17.99","4.99","3.61","0.28","15"
227,"Details Packer",4,"17.99","4.99","3.61","0.28","15"
964,"Waterfront Deliverance",4,"17.99","4.99","3.61","0.28","15"
739,"Rocky War",4,"17.99","4.99","3.61","0.28","15"
670,"Pelican Comforts",4,"17.99","4.99","3.61","0.28","15"
465,"Interview Liaisons",4,"17.99","4.99","3.61","0.28","15"
818,"Something Duck",4,"17.99","4.99","3.61","0.28","15"
371,"Gosford Donnie",5,"17.99","4.99","3.61","0.28","19"
661,"Past Suicides",5,"17.99","4.99","3.61","0.28","19"
883,"Tequila Past",6,"17.99","4.99","3.61","0.28","22"
88,"Born Spinal",7,"17.99","4.99","3.61","0.28","26"
611,"Musketeers Wait",7,"17.99","4.99","3.61","0.28","26"
648,"Outlaw Hanky",7,"17.99","4.99","3.61","0.28","26"
347,"Games Bowfinger",7,"17.99","4.99","3.61","0.28","26"
185,"Cowboy Doom",3,"10.99","2.99","3.68","0.27","12"
692,"Potluck Mixed",3,"10.99","2.99","3.68","0.27","12"
669,"Pearl Destiny",3,"10.99","2.99","3.68","0.27","12"
916,"Turn Star",3,"10.99","2.99","3.68","0.27","12"
478,"Jaws Harry",4,"10.99","2.99","3.68","0.27","15"
116,"Candidate Perdition",4,"10.99","2.99","3.68","0.27","15"
351,"Gaslight Crusade",4,"10.99","2.99","3.68","0.27","15"
51,"Balloon Homeward",5,"10.99","2.99","3.68","0.27","19"
495,"Kentuckian Giant",5,"10.99","2.99","3.68","0.27","19"
42,"Artist Coldblooded",5,"10.99","2.99","3.68","0.27","19"
15,"Alien Center",5,"10.99","2.99","3.68","0.27","19"
356,"Giant Troopers",5,"10.99","2.99","3.68","0.27","19"
22,"Amistad Midsummer",6,"10.99","2.99","3.68","0.27","23"
993,"Wrong Behavior",6,"10.99","2.99","3.68","0.27","23"
959,"Warlock Werewolf",6,"10.99","2.99","3.68","0.27","23"
612,"Mussolini Spoilers",6,"10.99","2.99","3.68","0.27","23"
181,"Contact Anonymous",7,"10.99","2.99","3.68","0.27","26"
847,"Stock Glass",7,"10.99","2.99","3.68","0.27","26"
756,"Saddle Antitrust",7,"10.99","2.99","3.68","0.27","26"
240,"Dolls Rage",7,"10.99","2.99","3.68","0.27","26"
540,"Lucky Flying",7,"10.99","2.99","3.68","0.27","26"
526,"Lock Rear",7,"10.99","2.99","3.68","0.27","26"
1000,"Zorro Ark",3,"18.99","4.99","3.81","0.26","12"
892,"Titanic Boondock",3,"18.99","4.99","3.81","0.26","12"
74,"Birch Antitrust",4,"18.99","4.99","3.81","0.26","16"
711,"Raging Airplane",4,"18.99","4.99","3.81","0.26","16"
710,"Rage Games",4,"18.99","4.99","3.81","0.26","16"
898,"Tourist Pelican",4,"18.99","4.99","3.81","0.26","16"
775,"Seattle Expecations",4,"18.99","4.99","3.81","0.26","16"
316,"Fire Wolves",5,"18.99","4.99","3.81","0.26","20"
403,"Harry Idaho",5,"18.99","4.99","3.81","0.26","20"
396,"Hanging Deep",5,"18.99","4.99","3.81","0.26","20"
95,"Breakfast Goldfinger",5,"18.99","4.99","3.81","0.26","20"
253,"Drifter Commandments",5,"18.99","4.99","3.81","0.26","20"
607,"Muppet Mile",5,"18.99","4.99","3.81","0.26","20"
354,"Ghost Groundhog",6,"18.99","4.99","3.81","0.26","23"
508,"Lambs Cincinatti",6,"18.99","4.99","3.81","0.26","23"
703,"Punk Divorce",6,"18.99","4.99","3.81","0.26","23"
456,"Inch Jet",6,"18.99","4.99","3.81","0.26","23"
765,"Saturn Name",7,"18.99","4.99","3.81","0.26","27"
954,"Wake Jaws",7,"18.99","4.99","3.81","0.26","27"
820,"Sons Interview",3,"11.99","2.99","4.01","0.25","13"
876,"Tarzan Videotape",3,"11.99","2.99","4.01","0.25","13"
865,"Sunrise League",3,"19.99","4.99","4.01","0.25","13"
113,"California Birds",4,"19.99","4.99","4.01","0.25","17"
654,"Panky Submarine",4,"19.99","4.99","4.01","0.25","17"
708,"Quills Bull",4,"19.99","4.99","4.01","0.25","17"
985,"Wonderland Christmas",4,"19.99","4.99","4.01","0.25","17"
192,"Crossing Divorce",4,"19.99","4.99","4.01","0.25","17"
544,"Madison Trap",4,"11.99","2.99","4.01","0.25","17"
564,"Massage Image",4,"11.99","2.99","4.01","0.25","17"
684,"Pizza Jumanji",4,"11.99","2.99","4.01","0.25","17"
278,"Elf Murder",4,"19.99","4.99","4.01","0.25","17"
254,"Driver Annie",4,"11.99","2.99","4.01","0.25","17"
824,"Spartacus Cheaper",4,"19.99","4.99","4.01","0.25","17"
384,"Grosse Wonderful",5,"19.99","4.99","4.01","0.25","21"
801,"Sister Freddy",5,"19.99","4.99","4.01","0.25","21"
446,"Hysterical Grail",5,"19.99","4.99","4.01","0.25","21"
758,"Saints Bride",5,"11.99","2.99","4.01","0.25","21"
926,"Untouchables Sunrise",5,"11.99","2.99","4.01","0.25","21"
683,"Pity Bound",5,"19.99","4.99","4.01","0.25","21"
701,"Psycho Shrunk",5,"11.99","2.99","4.01","0.25","21"
445,"Hyde Doctor",5,"11.99","2.99","4.01","0.25","21"
29,"Antitrust Tomatoes",5,"11.99","2.99","4.01","0.25","21"
968,"Werewolf Lola",6,"19.99","4.99","4.01","0.25","25"
871,"Sweden Shining",6,"19.99","4.99","4.01","0.25","25"
608,"Murder Antitrust",6,"11.99","2.99","4.01","0.25","25"
337,"Frida Slipper",6,"11.99","2.99","4.01","0.25","25"
251,"Dragonfly Strangers",6,"19.99","4.99","4.01","0.25","25"
749,"Rules Human",6,"19.99","4.99","4.01","0.25","25"
443,"Hurricane Affair",6,"11.99","2.99","4.01","0.25","25"
660,"Party Knock",7,"11.99","2.99","4.01","0.25","29"
826,"Speed Suit",7,"19.99","4.99","4.01","0.25","29"
92,"Bowfinger Gables",7,"19.99","4.99","4.01","0.25","29"
380,"Greek Everyone",7,"11.99","2.99","4.01","0.25","29"
498,"Killer Innocent",7,"11.99","2.99","4.01","0.25","29"
955,"Walls Artist",7,"19.99","4.99","4.01","0.25","29"
859,"Sugar Wonka",3,"20.99","4.99","4.21","0.24","13"
65,"Behavior Runaway",3,"20.99","4.99","4.21","0.24","13"
879,"Telegraph Voyage",3,"20.99","4.99","4.21","0.24","13"
390,"Guys Falcon",4,"20.99","4.99","4.21","0.24","17"
102,"Bubble Grosse",4,"20.99","4.99","4.21","0.24","17"
312,"Fiddler Lost",4,"20.99","4.99","4.21","0.24","17"
177,"Connecticut Tramp",4,"20.99","4.99","4.21","0.24","17"
226,"Destiny Saturday",4,"20.99","4.99","4.21","0.24","17"
543,"Madigan Dorado",5,"20.99","4.99","4.21","0.24","22"
570,"Mermaid Insects",5,"20.99","4.99","4.21","0.24","22"
310,"Fever Empire",5,"20.99","4.99","4.21","0.24","22"
256,"Drop Waterfront",6,"20.99","4.99","4.21","0.24","26"
219,"Deep Crusade",6,"20.99","4.99","4.21","0.24","26"
217,"Dazed Punk",6,"20.99","4.99","4.21","0.24","26"
359,"Gladiator Westward",6,"20.99","4.99","4.21","0.24","26"
785,"Shawshank Bubble",6,"20.99","4.99","4.21","0.24","26"
591,"Monsoon Cause",6,"20.99","4.99","4.21","0.24","26"
587,"Mod Secretary",6,"20.99","4.99","4.21","0.24","26"
466,"Intolerable Intentions",6,"20.99","4.99","4.21","0.24","26"
248,"Dozen Lion",6,"20.99","4.99","4.21","0.24","26"
934,"Vanilla Day",7,"20.99","4.99","4.21","0.24","30"
211,"Darling Breaking",7,"20.99","4.99","4.21","0.24","30"
350,"Garden Island",3,"21.99","4.99","4.41","0.23","14"
431,"Hoosiers Birdcage",3,"12.99","2.99","4.34","0.23","14"
321,"Flash Wars",3,"21.99","4.99","4.41","0.23","14"
529,"Lonely Elephant",3,"12.99","2.99","4.34","0.23","14"
680,"Pinocchio Simon",4,"21.99","4.99","4.41","0.23","18"
702,"Pulp Beverly",4,"12.99","2.99","4.34","0.23","18"
134,"Champion Flatliners",4,"21.99","4.99","4.41","0.23","18"
449,"Identity Lover",4,"12.99","2.99","4.34","0.23","18"
365,"Gold River",4,"21.99","4.99","4.41","0.23","18"
13,"Ali Forever",4,"21.99","4.99","4.41","0.23","18"
187,"Cranes Reservoir",5,"12.99","2.99","4.34","0.23","22"
468,"Invasion Cyclone",5,"12.99","2.99","4.34","0.23","22"
657,"Paradise Sabrina",5,"12.99","2.99","4.34","0.23","22"
626,"Noon Papi",5,"12.99","2.99","4.34","0.23","22"
858,"Submarine Bed",5,"21.99","4.99","4.41","0.23","23"
300,"Falcon Volume",5,"21.99","4.99","4.41","0.23","23"
398,"Hanover Galaxy",5,"21.99","4.99","4.41","0.23","23"
929,"Usual Untouchables",5,"21.99","4.99","4.41","0.23","23"
44,"Attacks Hate",5,"21.99","4.99","4.41","0.23","23"
640,"Opus Ice",5,"21.99","4.99","4.41","0.23","23"
769,"School Jacket",5,"21.99","4.99","4.41","0.23","23"
72,"Bill Others",6,"12.99","2.99","4.34","0.23","27"
334,"Freddy Storm",6,"21.99","4.99","4.41","0.23","27"
154,"Clash Freddy",6,"12.99","2.99","4.34","0.23","27"
664,"Patriot Roman",6,"12.99","2.99","4.34","0.23","27"
255,"Driving Polish",6,"21.99","4.99","4.41","0.23","27"
100,"Brooklyn Desert",7,"21.99","4.99","4.41","0.23","31"
828,"Spiking Element",7,"12.99","2.99","4.34","0.23","31"
829,"Spinal Rocky",7,"12.99","2.99","4.34","0.23","31"
78,"Blackout Private",7,"12.99","2.99","4.34","0.23","31"
139,"Chasing Fight",7,"21.99","4.99","4.41","0.23","31"
923,"Unfaithful Kill",7,"12.99","2.99","4.34","0.23","31"
444,"Hustler Party",3,"22.99","4.99","4.61","0.22","14"
60,"Beast Hunchback",3,"22.99","4.99","4.61","0.22","14"
579,"Minds Truman",3,"22.99","4.99","4.61","0.22","14"
243,"Doors President",3,"22.99","4.99","4.61","0.22","14"
989,"Working Microcosmos",4,"22.99","4.99","4.61","0.22","19"
854,"Strangers Graffiti",4,"22.99","4.99","4.61","0.22","19"
369,"Goodfellas Salute",4,"22.99","4.99","4.61","0.22","19"
112,"Calendar Gunfight",4,"22.99","4.99","4.61","0.22","19"
706,"Queen Luke",5,"22.99","4.99","4.61","0.22","24"
655,"Panther Reds",5,"22.99","4.99","4.61","0.22","24"
336,"French Holiday",5,"22.99","4.99","4.61","0.22","24"
827,"Spice Sorority",5,"22.99","4.99","4.61","0.22","24"
902,"Trading Pinocchio",6,"22.99","4.99","4.61","0.22","28"
123,"Casablanca Super",6,"22.99","4.99","4.61","0.22","28"
922,"Undefeated Dalmations",7,"22.99","4.99","4.61","0.22","33"
961,"Wash Heavenly",7,"22.99","4.99","4.61","0.22","33"
330,"Forrester Comancheros",7,"22.99","4.99","4.61","0.22","33"
323,"Flight Lies",7,"22.99","4.99","4.61","0.22","33"
148,"Chocolate Duck",3,"13.99","2.99","4.68","0.21","15"
484,"Jerk Paycheck",3,"13.99","2.99","4.68","0.21","15"
987,"Words Hunter",3,"13.99","2.99","4.68","0.21","15"
771,"Scorpion Apollo",3,"23.99","4.99","4.81","0.21","15"
464,"Intentions Empire",3,"13.99","2.99","4.68","0.21","15"
308,"Ferris Mother",3,"13.99","2.99","4.68","0.21","15"
700,"Prix Undefeated",4,"13.99","2.99","4.68","0.21","19"
298,"Eyes Driving",4,"13.99","2.99","4.68","0.21","19"
490,"Jumanji Blade",4,"13.99","2.99","4.68","0.21","19"
842,"State Wasteland",4,"13.99","2.99","4.68","0.21","19"
162,"Clueless Bucket",4,"13.99","2.99","4.68","0.21","19"
107,"Bunch Minds",4,"13.99","2.99","4.68","0.21","19"
779,"Sense Greek",4,"23.99","4.99","4.81","0.21","20"
20,"Amelie Hellfighters",4,"23.99","4.99","4.81","0.21","20"
459,"Informer Double",4,"23.99","4.99","4.81","0.21","20"
918,"Twisted Pirates",4,"23.99","4.99","4.81","0.21","20"
152,"Circus Youth",5,"13.99","2.99","4.68","0.21","24"
770,"Scissorhands Slums",5,"13.99","2.99","4.68","0.21","24"
740,"Rollercoaster Bringing",5,"13.99","2.99","4.68","0.21","24"
47,"Baby Hall",5,"23.99","4.99","4.81","0.21","25"
745,"Roses Treasure",5,"23.99","4.99","4.81","0.21","25"
190,"Creepers Kane",5,"23.99","4.99","4.81","0.21","25"
284,"Enemy Odds",5,"23.99","4.99","4.81","0.21","25"
338,"Frisco Forrest",6,"23.99","4.99","4.81","0.21","29"
264,"Dwarfs Alter",6,"13.99","2.99","4.68","0.21","29"
235,"Divide Monster",6,"13.99","2.99","4.68","0.21","29"
835,"Spy Mile",6,"13.99","2.99","4.68","0.21","29"
874,"Tadpole Park",6,"13.99","2.99","4.68","0.21","29"
914,"Trouble Date",6,"13.99","2.99","4.68","0.21","29"
437,"House Dynamite",7,"13.99","2.99","4.68","0.21","33"
362,"Glory Tracy",7,"13.99","2.99","4.68","0.21","33"
220,"Deer Virginian",7,"13.99","2.99","4.68","0.21","33"
642,"Order Betrayed",7,"13.99","2.99","4.68","0.21","33"
576,"Mighty Luck",7,"13.99","2.99","4.68","0.21","33"
605,"Mulholland Beast",7,"13.99","2.99","4.68","0.21","33"
721,"Reds Pocus",7,"23.99","4.99","4.81","0.21","34"
956,"Wanda Chamber",7,"23.99","4.99","4.81","0.21","34"
778,"Secrets Paradise",3,"24.99","4.99","5.01","0.20","16"
472,"Italian African",3,"24.99","4.99","5.01","0.20","16"
499,"King Evolution",3,"24.99","4.99","5.01","0.20","16"
48,"Backlash Undefeated",3,"24.99","4.99","5.01","0.20","16"
327,"Fool Mockingbird",3,"24.99","4.99","5.01","0.20","16"
836,"Squad Fish",3,"14.99","2.99","5.01","0.20","16"
364,"Godfather Diary",3,"14.99","2.99","5.01","0.20","16"
791,"Show Lord",3,"24.99","4.99","5.01","0.20","16"
277,"Elephant Trojan",4,"24.99","4.99","5.01","0.20","21"
527,"Lola Agent",4,"24.99","4.99","5.01","0.20","21"
649,"Oz Liaisons",4,"14.99","2.99","5.01","0.20","21"
470,"Ishtar Rocketeer",4,"24.99","4.99","5.01","0.20","21"
972,"Whisperer Giant",4,"24.99","4.99","5.01","0.20","21"
815,"Snatchers Montezuma",4,"14.99","2.99","5.01","0.20","21"
106,"Bulworth Commandments",4,"14.99","2.99","5.01","0.20","21"
689,"Pollock Deliverance",5,"14.99","2.99","5.01","0.20","26"
10,"Aladdin Calendar",6,"24.99","4.99","5.01","0.20","31"
793,"Shrunk Divine",6,"14.99","2.99","5.01","0.20","31"
343,"Full Flatliners",6,"14.99","2.99","5.01","0.20","31"
937,"Varsity Trip",7,"14.99","2.99","5.01","0.20","36"
144,"Chinatown Gladiator",7,"24.99","4.99","5.01","0.20","36"
373,"Graduate Lord",7,"14.99","2.99","5.01","0.20","36"
94,"Braveheart Human",7,"14.99","2.99","5.01","0.20","36"
99,"Bringing Hysterical",7,"14.99","2.99","5.01","0.20","36"
878,"Teen Apollo",3,"25.99","4.99","5.21","0.19","16"
624,"Nightmare Chill",3,"25.99","4.99","5.21","0.19","16"
715,"Range Moonwalker",3,"25.99","4.99","5.21","0.19","16"
71,"Bilko Anonymous",3,"25.99","4.99","5.21","0.19","16"
25,"Angels Life",3,"15.99","2.99","5.35","0.19","17"
596,"Moonshine Cabin",4,"25.99","4.99","5.21","0.19","21"
121,"Carol Texas",4,"15.99","2.99","5.35","0.19","22"
259,"Duck Racer",4,"15.99","2.99","5.35","0.19","22"
329,"Forrest Sons",4,"15.99","2.99","5.35","0.19","22"
838,"Stagecoach Armageddon",5,"25.99","4.99","5.21","0.19","27"
724,"Remember Diary",5,"15.99","2.99","5.35","0.19","27"
788,"Ship Wonderland",5,"15.99","2.99","5.35","0.19","27"
289,"Eve Resurrection",5,"25.99","4.99","5.21","0.19","27"
145,"Chisum Behavior",5,"25.99","4.99","5.21","0.19","27"
33,"Apollo Teen",5,"15.99","2.99","5.35","0.19","27"
512,"League Hellfighters",5,"25.99","4.99","5.21","0.19","27"
960,"Wars Pluto",5,"15.99","2.99","5.35","0.19","27"
412,"Heavyweights Beast",6,"25.99","4.99","5.21","0.19","32"
725,"Requiem Tycoon",6,"25.99","4.99","5.21","0.19","32"
56,"Barefoot Manchurian",6,"15.99","2.99","5.35","0.19","33"
43,"Atlantis Cause",6,"15.99","2.99","5.35","0.19","33"
173,"Confessions Maguire",7,"25.99","4.99","5.21","0.19","37"
381,"Grinch Massage",7,"25.99","4.99","5.21","0.19","37"
668,"Peak Forever",7,"25.99","4.99","5.21","0.19","37"
422,"Hollow Jeopardy",7,"25.99","4.99","5.21","0.19","37"
400,"Hardly Robbers",7,"15.99","2.99","5.35","0.19","38"
802,"Sky Miracle",7,"15.99","2.99","5.35","0.19","38"
792,"Shrek License",7,"15.99","2.99","5.35","0.19","38"
789,"Shock Cabin",7,"15.99","2.99","5.35","0.19","38"
904,"Train Bunch",3,"26.99","4.99","5.41","0.18","17"
897,"Torque Bound",3,"27.99","4.99","5.61","0.18","17"
583,"Mission Zoolander",3,"26.99","4.99","5.41","0.18","17"
575,"Midsummer Groundhog",3,"27.99","4.99","5.61","0.18","17"
973,"Wife Turn",3,"27.99","4.99","5.61","0.18","17"
460,"Innocent Usual",3,"26.99","4.99","5.41","0.18","17"
763,"Satisfaction Confidential",3,"26.99","4.99","5.41","0.18","17"
129,"Cause Date",3,"16.99","2.99","5.68","0.18","18"
943,"Villain Desperate",4,"27.99","4.99","5.61","0.18","23"
93,"Brannigan Sunrise",4,"27.99","4.99","5.61","0.18","23"
666,"Paycheck Wait",4,"27.99","4.99","5.61","0.18","23"
215,"Dawn Pond",4,"27.99","4.99","5.61","0.18","23"
222,"Desert Poseidon",4,"27.99","4.99","5.61","0.18","23"
244,"Dorado Notting",5,"26.99","4.99","5.41","0.18","28"
68,"Betrayed Rear",5,"26.99","4.99","5.41","0.18","28"
202,"Daddy Pittsburgh",5,"26.99","4.99","5.41","0.18","28"
151,"Cincinatti Whisperer",5,"26.99","4.99","5.41","0.18","28"
372,"Graceland Dynamite",5,"26.99","4.99","5.41","0.18","28"
294,"Expecations Natural",5,"26.99","4.99","5.41","0.18","28"
473,"Jacket Frisco",5,"16.99","2.99","5.68","0.18","29"
693,"Potter Connecticut",5,"16.99","2.99","5.68","0.18","29"
928,"Uptown Young",5,"16.99","2.99","5.68","0.18","29"
556,"Maltese Hope",6,"26.99","4.99","5.41","0.18","33"
385,"Groundhog Uncut",6,"26.99","4.99","5.41","0.18","33"
161,"Clue Grail",6,"27.99","4.99","5.61","0.18","34"
603,"Movie Shakespeare",6,"27.99","4.99","5.61","0.18","34"
268,"Early Home",6,"27.99","4.99","5.61","0.18","34"
927,"Uprising Uptown",6,"16.99","2.99","5.68","0.18","35"
158,"Clones Pinocchio",6,"16.99","2.99","5.68","0.18","35"
58,"Beach Heartbreakers",6,"16.99","2.99","5.68","0.18","35"
207,"Dangerous Uptown",7,"26.99","4.99","5.41","0.18","38"
699,"Private Drop",7,"26.99","4.99","5.41","0.18","38"
957,"War Notting",7,"26.99","4.99","5.41","0.18","38"
70,"Bikini Borrowers",7,"26.99","4.99","5.41","0.18","38"
286,"Enough Raging",7,"16.99","2.99","5.68","0.18","40"
208,"Dares Pluto",7,"16.99","2.99","5.68","0.18","40"
420,"Holes Brannigan",7,"27.99","4.99","5.61","0.18","40"
103,"Bucket Brotherhood",7,"27.99","4.99","5.61","0.18","40"
165,"Coldblooded Darling",7,"27.99","4.99","5.61","0.18","40"
413,"Hedwig Alter",7,"16.99","2.99","5.68","0.18","40"
671,"Perdition Fargo",7,"27.99","4.99","5.61","0.18","40"
817,"Soldiers Evolution",7,"27.99","4.99","5.61","0.18","40"
469,"Iron Moon",7,"27.99","4.99","5.61","0.18","40"
333,"Freaky Pocus",7,"16.99","2.99","5.68","0.18","40"
889,"Ties Hunger",3,"28.99","4.99","5.81","0.17","18"
764,"Saturday Lambs",3,"28.99","4.99","5.81","0.17","18"
6,"Agent Truman",3,"17.99","2.99","6.02","0.17","19"
453,"Image Princess",3,"17.99","2.99","6.02","0.17","19"
590,"Money Harold",3,"17.99","2.99","6.02","0.17","19"
439,"Hunchback Impossible",4,"28.99","4.99","5.81","0.17","24"
408,"Head Stranger",4,"28.99","4.99","5.81","0.17","24"
320,"Flamingos Connecticut",4,"28.99","4.99","5.81","0.17","24"
104,"Bugsy Song",4,"17.99","2.99","6.02","0.17","25"
375,"Grail Frankenstein",4,"17.99","2.99","6.02","0.17","25"
939,"Vertigo Northwest",4,"17.99","2.99","6.02","0.17","25"
969,"West Lion",4,"29.99","4.99","6.01","0.17","25"
265,"Dying Maker",5,"28.99","4.99","5.81","0.17","30"
887,"Thief Pelican",5,"28.99","4.99","5.81","0.17","30"
61,"Beauty Grease",5,"28.99","4.99","5.81","0.17","30"
532,"Loser Hustler",5,"28.99","4.99","5.81","0.17","30"
170,"Command Darling",5,"28.99","4.99","5.81","0.17","30"
462,"Insider Arizona",5,"17.99","2.99","6.02","0.17","31"
276,"Element Freddy",6,"28.99","4.99","5.81","0.17","35"
435,"Hotel Happiness",6,"28.99","4.99","5.81","0.17","35"
7,"Airplane Sierra",6,"28.99","4.99","5.81","0.17","35"
679,"Pilot Hoosiers",6,"17.99","2.99","6.02","0.17","37"
944,"Virgin Daisy",6,"29.99","4.99","6.01","0.17","37"
691,"Poseidon Forever",6,"29.99","4.99","6.01","0.17","37"
994,"Wyoming Storm",6,"29.99","4.99","6.01","0.17","37"
675,"Phantom Glory",6,"17.99","2.99","6.02","0.17","37"
510,"Lawless Vision",6,"29.99","4.99","6.01","0.17","37"
900,"Town Ark",6,"17.99","2.99","6.02","0.17","37"
514,"Lebowski Soldiers",6,"17.99","2.99","6.02","0.17","37"
754,"Rushmore Mermaid",6,"17.99","2.99","6.02","0.17","37"
487,"Jingle Sagebrush",6,"29.99","4.99","6.01","0.17","37"
81,"Blindness Gun",6,"29.99","4.99","6.01","0.17","37"
293,"Exorcist Sting",6,"17.99","2.99","6.02","0.17","37"
521,"Lies Treatment",7,"28.99","4.99","5.81","0.17","41"
342,"Fugitive Maguire",7,"28.99","4.99","5.81","0.17","41"
672,"Perfect Groove",7,"17.99","2.99","6.02","0.17","43"
803,"Slacker Liaisons",7,"29.99","4.99","6.01","0.17","43"
731,"Right Cranes",7,"29.99","4.99","6.01","0.17","43"
952,"Wagon Jaws",7,"17.99","2.99","6.02","0.17","43"
224,"Desperate Trainspotting",7,"29.99","4.99","6.01","0.17","43"
558,"Mannequin Worst",3,"18.99","2.99","6.35","0.16","20"
536,"Lovely Jingle",3,"18.99","2.99","6.35","0.16","20"
57,"Basic Easy",4,"18.99","2.99","6.35","0.16","26"
83,"Blues Instinct",5,"18.99","2.99","6.35","0.16","32"
326,"Flying Hook",6,"18.99","2.99","6.35","0.16","39"
252,"Dream Pickup",6,"18.99","2.99","6.35","0.16","39"
569,"Menagerie Rushmore",7,"18.99","2.99","6.35","0.16","45"
645,"Others Soup",7,"18.99","2.99","6.35","0.16","45"
201,"Cyclone Family",7,"18.99","2.99","6.35","0.16","45"
962,"Wasteland Divine",7,"18.99","2.99","6.35","0.16","45"
3,"Adaptation Holes",7,"18.99","2.99","6.35","0.16","45"
983,"Won Dares",7,"18.99","2.99","6.35","0.16","45"
582,"Miracle Virtual",3,"19.99","2.99","6.69","0.15","21"
169,"Comforts Rush",3,"19.99","2.99","6.69","0.15","21"
616,"National Story",4,"19.99","2.99","6.69","0.15","27"
419,"Hocus Frida",4,"19.99","2.99","6.69","0.15","27"
236,"Divine Resurrection",4,"19.99","2.99","6.69","0.15","27"
837,"Stage World",4,"19.99","2.99","6.69","0.15","27"
125,"Cassidy Wyoming",5,"19.99","2.99","6.69","0.15","34"
166,"Color Philadelphia",6,"19.99","2.99","6.69","0.15","41"
958,"Wardrobe Phantom",6,"19.99","2.99","6.69","0.15","41"
393,"Halloween Nuts",6,"19.99","2.99","6.69","0.15","41"
24,"Analyze Hoosiers",6,"19.99","2.99","6.69","0.15","41"
410,"Heaven Freedom",7,"19.99","2.99","6.69","0.15","47"
800,"Sinners Atlantis",7,"19.99","2.99","6.69","0.15","47"
709,"Racer Egg",7,"19.99","2.99","6.69","0.15","47"
658,"Paris Weekend",7,"19.99","2.99","6.69","0.15","47"
720,"Redemption Comforts",3,"20.99","2.99","7.02","0.14","22"
667,"Peach Innocent",3,"20.99","2.99","7.02","0.14","22"
50,"Baked Cleopatra",3,"20.99","2.99","7.02","0.14","22"
984,"Wonderful Drop",3,"20.99","2.99","7.02","0.14","22"
9,"Alabama Devil",3,"21.99","2.99","7.35","0.14","23"
137,"Charade Duffel",3,"21.99","2.99","7.35","0.14","23"
237,"Divorce Shining",3,"21.99","2.99","7.35","0.14","23"
69,"Beverly Outlaw",3,"21.99","2.99","7.35","0.14","23"
895,"Tomorrow Hustler",3,"21.99","2.99","7.35","0.14","23"
936,"Vanishing Rocky",3,"21.99","2.99","7.35","0.14","23"
59,"Bear Graceland",4,"20.99","2.99","7.02","0.14","29"
274,"Egg Igby",4,"20.99","2.99","7.02","0.14","29"
533,"Lost Bird",4,"21.99","2.99","7.35","0.14","30"
463,"Instinct Airport",4,"21.99","2.99","7.35","0.14","30"
96,"Breaking Home",4,"21.99","2.99","7.35","0.14","30"
502,"Knock Warlock",4,"21.99","2.99","7.35","0.14","30"
823,"South Wait",4,"21.99","2.99","7.35","0.14","30"
193,"Crossroads Casualties",5,"20.99","2.99","7.02","0.14","36"
541,"Luke Mummy",5,"21.99","2.99","7.35","0.14","37"
760,"Samurai Lion",5,"21.99","2.99","7.35","0.14","37"
441,"Hunter Alter",5,"21.99","2.99","7.35","0.14","37"
513,"Leathernecks Dwarfs",6,"21.99","2.99","7.35","0.14","45"
428,"Homicide Peach",6,"21.99","2.99","7.35","0.14","45"
615,"Nash Chocolat",6,"21.99","2.99","7.35","0.14","45"
474,"Jade Bunch",6,"21.99","2.99","7.35","0.14","45"
784,"Shanghai Tycoon",7,"20.99","2.99","7.02","0.14","50"
288,"Escape Metropolis",7,"20.99","2.99","7.02","0.14","50"
230,"Diary Panic",7,"20.99","2.99","7.02","0.14","50"
368,"Gone Trouble",7,"20.99","2.99","7.02","0.14","50"
539,"Luck Opus",7,"21.99","2.99","7.35","0.14","52"
80,"Blanket Beverly",7,"21.99","2.99","7.35","0.14","52"
394,"Hamlet Wisdom",7,"21.99","2.99","7.35","0.14","52"
643,"Orient Closer",3,"22.99","2.99","7.69","0.13","24"
135,"Chance Resurrection",3,"22.99","2.99","7.69","0.13","24"
774,"Searchers Wait",3,"22.99","2.99","7.69","0.13","24"
438,"Human Graffiti",3,"22.99","2.99","7.69","0.13","24"
665,"Patton Interview",4,"22.99","2.99","7.69","0.13","31"
869,"Suspects Quills",4,"22.99","2.99","7.69","0.13","31"
319,"Fish Opus",4,"22.99","2.99","7.69","0.13","31"
432,"Hope Tootsie",4,"22.99","2.99","7.69","0.13","31"
481,"Jekyll Frogmen",4,"22.99","2.99","7.69","0.13","31"
73,"Bingo Talented",5,"22.99","2.99","7.69","0.13","39"
783,"Shane Darkness",5,"22.99","2.99","7.69","0.13","39"
825,"Speakeasy Date",6,"22.99","2.99","7.69","0.13","47"
5,"African Egg",6,"22.99","2.99","7.69","0.13","47"
198,"Crystal Breaking",6,"22.99","2.99","7.69","0.13","47"
550,"Maguire Apache",6,"22.99","2.99","7.69","0.13","47"
554,"Malkovich Pet",6,"22.99","2.99","7.69","0.13","47"
49,"Badman Dawn",6,"22.99","2.99","7.69","0.13","47"
975,"Willow Tracy",6,"22.99","2.99","7.69","0.13","47"
573,"Microcosmos Paradise",6,"22.99","2.99","7.69","0.13","47"
353,"Gentlemen Stage",6,"22.99","2.99","7.69","0.13","47"
559,"Married Go",7,"22.99","2.99","7.69","0.13","54"
414,"Hellfighters Sierra",3,"23.99","2.99","8.02","0.12","25"
415,"High Encino",3,"23.99","2.99","8.02","0.12","25"
678,"Pickup Driving",3,"23.99","2.99","8.02","0.12","25"
857,"Strictly Scarface",3,"24.99","2.99","8.36","0.12","26"
917,"Tuxedo Mile",3,"24.99","2.99","8.36","0.12","26"
184,"Core Suit",3,"24.99","2.99","8.36","0.12","26"
503,"Kramer Chocolate",3,"24.99","2.99","8.36","0.12","26"
448,"Idaho Love",3,"25.99","2.99","8.69","0.12","27"
977,"Window Side",3,"25.99","2.99","8.69","0.12","27"
704,"Pure Runner",3,"25.99","2.99","8.69","0.12","27"
433,"Horn Working",4,"23.99","2.99","8.02","0.12","33"
930,"Vacation Boondock",4,"23.99","2.99","8.02","0.12","33"
772,"Sea Virgin",4,"24.99","2.99","8.36","0.12","34"
35,"Arachnophobia Rollercoaster",4,"24.99","2.99","8.36","0.12","34"
528,"Lolita World",4,"25.99","2.99","8.69","0.12","35"
806,"Sleepy Japanese",4,"25.99","2.99","8.69","0.12","35"
62,"Bed Highball",5,"23.99","2.99","8.02","0.12","41"
296,"Express Lonely",5,"23.99","2.99","8.02","0.12","41"
620,"Nemo Campus",5,"23.99","2.99","8.02","0.12","41"
621,"Network Peak",5,"23.99","2.99","8.02","0.12","41"
378,"Greatest North",5,"24.99","2.99","8.36","0.12","42"
67,"Berets Agent",5,"24.99","2.99","8.36","0.12","42"
628,"Northwest Polish",5,"24.99","2.99","8.36","0.12","42"
361,"Gleaming Jawbreaker",5,"25.99","2.99","8.69","0.12","44"
53,"Bang Kwai",5,"25.99","2.99","8.69","0.12","44"
16,"Alley Evolution",6,"23.99","2.99","8.02","0.12","49"
399,"Happiness United",6,"23.99","2.99","8.02","0.12","49"
209,"Darkness War",6,"24.99","2.99","8.36","0.12","51"
305,"Fatal Haunted",6,"24.99","2.99","8.36","0.12","51"
442,"Hunting Musketeers",6,"24.99","2.99","8.36","0.12","51"
146,"Chitty Lock",6,"24.99","2.99","8.36","0.12","51"
505,"Labyrinth League",6,"24.99","2.99","8.36","0.12","51"
986,"Wonka Sea",6,"24.99","2.99","8.36","0.12","51"
331,"Forward Temple",6,"25.99","2.99","8.69","0.12","53"
391,"Half Outfield",6,"25.99","2.99","8.69","0.12","53"
761,"Santa Paris",7,"23.99","2.99","8.02","0.12","57"
609,"Muscle Bright",7,"23.99","2.99","8.02","0.12","57"
638,"Operation Operation",7,"23.99","2.99","8.02","0.12","57"
471,"Island Exorcist",7,"23.99","2.99","8.02","0.12","57"
188,"Crazy Home",7,"24.99","2.99","8.36","0.12","59"
223,"Desire Alien",7,"24.99","2.99","8.36","0.12","59"
690,"Pond Seattle",7,"25.99","2.99","8.69","0.12","61"
567,"Meet Chocolate",3,"26.99","2.99","9.03","0.11","28"
175,"Confused Candles",3,"27.99","2.99","9.36","0.11","29"
872,"Sweet Brotherhood",3,"27.99","2.99","9.36","0.11","29"
519,"Liberty Magnificent",3,"27.99","2.99","9.36","0.11","29"
548,"Magnificent Chitty",3,"27.99","2.99","9.36","0.11","29"
991,"Worst Banger",4,"26.99","2.99","9.03","0.11","37"
370,"Gorgeous Bingo",4,"26.99","2.99","9.03","0.11","37"
349,"Gangs Pride",4,"27.99","2.99","9.36","0.11","38"
180,"Conspiracy Spirit",4,"27.99","2.99","9.36","0.11","38"
30,"Anything Savannah",4,"27.99","2.99","9.36","0.11","38"
197,"Crusade Honey",4,"27.99","2.99","9.36","0.11","38"
967,"Weekend Personal",5,"26.99","2.99","9.03","0.11","46"
397,"Hanky October",5,"26.99","2.99","9.03","0.11","46"
4,"Affair Prejudice",5,"26.99","2.99","9.03","0.11","46"
557,"Manchurian Curtain",5,"27.99","2.99","9.36","0.11","47"
115,"Campus Remember",5,"27.99","2.99","9.36","0.11","47"
530,"Lord Arizona",5,"27.99","2.99","9.36","0.11","47"
716,"Reap Unfaithful",6,"26.99","2.99","9.03","0.11","55"
782,"Shakespeare Saddle",6,"26.99","2.99","9.03","0.11","55"
571,"Metal Armageddon",6,"26.99","2.99","9.03","0.11","55"
584,"Mixed Doors",6,"26.99","2.99","9.03","0.11","55"
561,"Mask Peach",6,"26.99","2.99","9.03","0.11","55"
55,"Barbarella Streetcar",6,"27.99","2.99","9.36","0.11","57"
234,"Disturbing Scarface",6,"27.99","2.99","9.36","0.11","57"
988,"Worker Tarzan",7,"26.99","2.99","9.03","0.11","64"
136,"Chaplin License",7,"26.99","2.99","9.03","0.11","64"
735,"Robbers Joon",7,"26.99","2.99","9.03","0.11","64"
231,"Dinosaur Secretary",7,"27.99","2.99","9.36","0.11","66"
546,"Madre Gables",7,"27.99","2.99","9.36","0.11","66"
37,"Arizona Bang",3,"28.99","2.99","9.70","0.10","30"
542,"Lust Lock",3,"28.99","2.99","9.70","0.10","30"
304,"Fargo Gandhi",3,"28.99","2.99","9.70","0.10","30"
698,"Princess Giant",3,"29.99","2.99","10.03","0.10","31"
953,"Wait Cider",3,"9.99","0.99","10.09","0.10","31"
23,"Anaconda Confessions",3,"9.99","0.99","10.09","0.10","31"
483,"Jericho Mulan",3,"29.99","2.99","10.03","0.10","31"
723,"Reign Gentlemen",3,"29.99","2.99","10.03","0.10","31"
480,"Jeepers Wedding",3,"29.99","2.99","10.03","0.10","31"
537,"Lover Truman",3,"29.99","2.99","10.03","0.10","31"
656,"Papi Necklace",3,"9.99","0.99","10.09","0.10","31"
757,"Sagebrush Clueless",4,"28.99","2.99","9.70","0.10","39"
759,"Salute Apollo",4,"29.99","2.99","10.03","0.10","41"
811,"Smile Earring",4,"29.99","2.99","10.03","0.10","41"
299,"Factory Dragon",4,"9.99","0.99","10.09","0.10","41"
238,"Doctor Grail",4,"29.99","2.99","10.03","0.10","41"
221,"Deliverance Mulholland",4,"9.99","0.99","10.09","0.10","41"
623,"Newton Labyrinth",4,"9.99","0.99","10.09","0.10","41"
199,"Cupboard Sinners",4,"29.99","2.99","10.03","0.10","41"
999,"Zoolander Fiction",5,"28.99","2.99","9.70","0.10","49"
729,"Rider Caddyshack",5,"28.99","2.99","9.70","0.10","49"
447,"Ice Crossing",5,"28.99","2.99","9.70","0.10","49"
302,"Fantasia Park",5,"29.99","2.99","10.03","0.10","51"
747,"Roxanne Rebel",5,"9.99","0.99","10.09","0.10","51"
138,"Chariots Conspiracy",5,"29.99","2.99","10.03","0.10","51"
322,"Flatliners Killer",5,"29.99","2.99","10.03","0.10","51"
707,"Quest Mussolini",5,"29.99","2.99","10.03","0.10","51"
863,"Sun Confessions",5,"9.99","0.99","10.09","0.10","51"
886,"Theory Mermaid",5,"9.99","0.99","10.09","0.10","51"
450,"Idols Snatchers",5,"29.99","2.99","10.03","0.10","51"
592,"Monster Spartacus",6,"28.99","2.99","9.70","0.10","59"
773,"Seabiscuit Punk",6,"28.99","2.99","9.70","0.10","59"
714,"Random Go",6,"29.99","2.99","10.03","0.10","61"
325,"Floats Garden",6,"29.99","2.99","10.03","0.10","61"
281,"Encino Elf",6,"9.99","0.99","10.09","0.10","61"
297,"Extraordinary Conquerer",6,"29.99","2.99","10.03","0.10","61"
875,"Talented Homicide",6,"9.99","0.99","10.09","0.10","61"
996,"Young Language",6,"9.99","0.99","10.09","0.10","61"
328,"Forever Candidate",7,"28.99","2.99","9.70","0.10","68"
520,"License Weekend",7,"28.99","2.99","9.70","0.10","68"
931,"Valentine Vanishing",7,"9.99","0.99","10.09","0.10","71"
921,"Uncut Suicides",7,"29.99","2.99","10.03","0.10","71"
629,"Notorious Reunion",7,"9.99","0.99","10.09","0.10","71"
348,"Gandhi Kwai",7,"9.99","0.99","10.09","0.10","71"
232,"Dirty Ace",7,"29.99","2.99","10.03","0.10","71"
726,"Reservoir Adaptation",7,"29.99","2.99","10.03","0.10","71"
644,"Oscar Gold",7,"29.99","2.99","10.03","0.10","71"
496,"Kick Savannah",3,"10.99","0.99","11.10","0.09","34"
896,"Tootsie Pilot",3,"10.99","0.99","11.10","0.09","34"
746,"Rouge Squad",3,"10.99","0.99","11.10","0.09","34"
577,"Mile Mulan",4,"10.99","0.99","11.10","0.09","45"
315,"Finding Anaconda",4,"10.99","0.99","11.10","0.09","45"
604,"Mulan Moon",4,"10.99","0.99","11.10","0.09","45"
907,"Translation Summer",4,"10.99","0.99","11.10","0.09","45"
291,"Evolution Alter",5,"10.99","0.99","11.10","0.09","56"
808,"Sling Luke",5,"10.99","0.99","11.10","0.09","56"
79,"Blade Polish",5,"10.99","0.99","11.10","0.09","56"
39,"Armageddon Lost",5,"10.99","0.99","11.10","0.09","56"
998,"Zhivago Core",6,"10.99","0.99","11.10","0.09","67"
283,"Ending Crowds",6,"10.99","0.99","11.10","0.09","67"
416,"Highball Potter",6,"10.99","0.99","11.10","0.09","67"
467,"Intrigue Worst",6,"10.99","0.99","11.10","0.09","67"
401,"Harold French",6,"10.99","0.99","11.10","0.09","67"
128,"Catch Amistad",7,"10.99","0.99","11.10","0.09","78"
275,"Egypt Tenenbaums",3,"11.99","0.99","12.11","0.08","37"
674,"Pet Haunting",3,"11.99","0.99","12.11","0.08","37"
90,"Boulevard Mob",3,"11.99","0.99","12.11","0.08","37"
363,"Go Purple",3,"12.99","0.99","13.12","0.08","40"
306,"Feathers Metal",3,"12.99","0.99","13.12","0.08","40"
482,"Jeopardy Encino",3,"12.99","0.99","13.12","0.08","40"
796,"Sierra Divide",3,"12.99","0.99","13.12","0.08","40"
978,"Wisdom Worker",3,"12.99","0.99","13.12","0.08","40"
631,"Novocaine Flight",4,"11.99","0.99","12.11","0.08","49"
712,"Raiders Antitrust",4,"11.99","0.99","12.11","0.08","49"
553,"Maker Gables",4,"12.99","0.99","13.12","0.08","53"
787,"Shining Roses",4,"12.99","0.99","13.12","0.08","53"
160,"Club Graffiti",4,"12.99","0.99","13.12","0.08","53"
870,"Swarm Gold",4,"12.99","0.99","13.12","0.08","53"
636,"Oleander Clue",5,"12.99","0.99","13.12","0.08","66"
963,"Watch Tracy",5,"12.99","0.99","13.12","0.08","66"
407,"Hawk Chill",5,"12.99","0.99","13.12","0.08","66"
258,"Drums Dynamite",6,"11.99","0.99","12.11","0.08","73"
492,"Jungle Closer",6,"11.99","0.99","12.11","0.08","73"
727,"Resurrection Silverado",6,"12.99","0.99","13.12","0.08","79"
646,"Outbreak Divine",6,"12.99","0.99","13.12","0.08","79"
688,"Polish Brooklyn",6,"12.99","0.99","13.12","0.08","79"
562,"Masked Bubble",6,"12.99","0.99","13.12","0.08","79"
822,"Soup Wisdom",6,"12.99","0.99","13.12","0.08","79"
976,"Wind Phantom",6,"12.99","0.99","13.12","0.08","79"
424,"Holocaust Highball",6,"12.99","0.99","13.12","0.08","79"
970,"Westward Seabiscuit",7,"11.99","0.99","12.11","0.08","85"
122,"Carrie Bunch",7,"11.99","0.99","12.11","0.08","85"
479,"Jedi Beneath",7,"12.99","0.99","13.12","0.08","92"
27,"Anonymous Human",7,"12.99","0.99","13.12","0.08","92"
36,"Argonauts Town",7,"12.99","0.99","13.12","0.08","92"
82,"Blood Argonauts",3,"13.99","0.99","14.13","0.07","43"
873,"Sweethearts Suspects",3,"13.99","0.99","14.13","0.07","43"
990,"World Leathernecks",3,"13.99","0.99","14.13","0.07","43"
314,"Fight Jawbreaker",3,"13.99","0.99","14.13","0.07","43"
891,"Timberland Sky",3,"13.99","0.99","14.13","0.07","43"
257,"Drumline Cyclone",3,"14.99","0.99","15.14","0.07","46"
295,"Expendable Stallion",3,"14.99","0.99","15.14","0.07","46"
461,"Insects Stone",3,"14.99","0.99","15.14","0.07","46"
652,"Pajama Jawbreaker",3,"14.99","0.99","15.14","0.07","46"
17,"Alone Trip",3,"14.99","0.99","15.14","0.07","46"
966,"Wedding Apollo",3,"14.99","0.99","15.14","0.07","46"
242,"Doom Dancing",4,"13.99","0.99","14.13","0.07","57"
507,"Ladybugs Armageddon",4,"13.99","0.99","14.13","0.07","57"
997,"Youth Kick",4,"14.99","0.99","15.14","0.07","61"
311,"Fiction Christmas",4,"14.99","0.99","15.14","0.07","61"
436,"Hours Rage",4,"14.99","0.99","15.14","0.07","61"
489,"Juggler Hardly",4,"14.99","0.99","15.14","0.07","61"
545,"Madness Attacks",4,"14.99","0.99","15.14","0.07","61"
341,"Frost Head",5,"13.99","0.99","14.13","0.07","71"
261,"Duffel Apocalypse",5,"13.99","0.99","14.13","0.07","71"
809,"Slipper Fidelity",5,"14.99","0.99","15.14","0.07","76"
602,"Mourning Purple",5,"14.99","0.99","15.14","0.07","76"
890,"Tights Dawn",5,"14.99","0.99","15.14","0.07","76"
524,"Lion Uncut",6,"13.99","0.99","14.13","0.07","85"
383,"Groove Fiction",6,"13.99","0.99","14.13","0.07","85"
593,"Monterey Labyrinth",6,"13.99","0.99","14.13","0.07","85"
634,"Odds Boogie",6,"14.99","0.99","15.14","0.07","91"
273,"Effect Gladiator",6,"14.99","0.99","15.14","0.07","91"
981,"Wolves Desire",7,"13.99","0.99","14.13","0.07","99"
812,"Smoking Barbarella",7,"13.99","0.99","14.13","0.07","99"
357,"Gilbert Pelican",7,"13.99","0.99","14.13","0.07","99"
379,"Greedy Roots",7,"14.99","0.99","15.14","0.07","106"
318,"Firehouse Vietnam",7,"14.99","0.99","15.14","0.07","106"
87,"Boondock Ballroom",7,"14.99","0.99","15.14","0.07","106"
899,"Towers Hurricane",7,"14.99","0.99","15.14","0.07","106"
786,"Shepherd Midsummer",7,"14.99","0.99","15.14","0.07","106"
402,"Harper Dying",3,"15.99","0.99","16.15","0.06","49"
26,"Annie Identity",3,"15.99","0.99","16.15","0.06","49"
606,"Mummy Creatures",3,"15.99","0.99","16.15","0.06","49"
920,"Unbreakable Karate",3,"16.99","0.99","17.16","0.06","52"
345,"Gables Metropolis",3,"17.99","0.99","18.17","0.06","55"
111,"Caddyshack Jedi",3,"17.99","0.99","18.17","0.06","55"
233,"Disciple Mother",3,"17.99","0.99","18.17","0.06","55"
109,"Butterfly Chocolat",3,"17.99","0.99","18.17","0.06","55"
497,"Kill Brotherhood",4,"15.99","0.99","16.15","0.06","65"
452,"Illusion Amelie",4,"15.99","0.99","16.15","0.06","65"
748,"Rugrats Shakespeare",4,"16.99","0.99","17.16","0.06","69"
581,"Minority Kiss",4,"16.99","0.99","17.16","0.06","69"
228,"Detective Vision",4,"16.99","0.99","17.16","0.06","69"
41,"Arsenic Independence",4,"17.99","0.99","18.17","0.06","73"
552,"Majestic Floats",5,"15.99","0.99","16.15","0.06","81"
54,"Banger Pinocchio",5,"15.99","0.99","16.15","0.06","81"
477,"Jawbreaker Brooklyn",5,"15.99","0.99","16.15","0.06","81"
600,"Motions Details",5,"16.99","0.99","17.16","0.06","86"
947,"Vision Torque",5,"16.99","0.99","17.16","0.06","86"
388,"Gunfight Moon",5,"16.99","0.99","17.16","0.06","86"
147,"Chocolat Harry",5,"16.99","0.99","17.16","0.06","86"
832,"Splash Gump",5,"16.99","0.99","17.16","0.06","86"
935,"Vanished Garden",5,"17.99","0.99","18.17","0.06","91"
262,"Dumbo Lust",5,"17.99","0.99","18.17","0.06","91"
91,"Bound Cheaper",5,"17.99","0.99","18.17","0.06","91"
339,"Frogmen Breaking",5,"17.99","0.99","18.17","0.06","91"
992,"Wrath Mile",5,"17.99","0.99","18.17","0.06","91"
732,"Rings Heartbreakers",5,"17.99","0.99","18.17","0.06","91"
687,"Pocus Pulp",6,"15.99","0.99","16.15","0.06","97"
11,"Alamo Videotape",6,"16.99","0.99","17.16","0.06","103"
821,"Sorority Queen",6,"17.99","0.99","18.17","0.06","110"
186,"Craft Outfield",6,"17.99","0.99","18.17","0.06","110"
751,"Runaway Tenenbaums",6,"17.99","0.99","18.17","0.06","110"
143,"Chill Luck",6,"17.99","0.99","18.17","0.06","110"
924,"Unforgiven Zoolander",7,"15.99","0.99","16.15","0.06","114"
635,"Oklahoma Jumanji",7,"15.99","0.99","16.15","0.06","114"
697,"Primary Glass",7,"16.99","0.99","17.16","0.06","121"
332,"Frankenstein Stranger",7,"16.99","0.99","17.16","0.06","121"
610,"Music Boondock",7,"17.99","0.99","18.17","0.06","128"
285,"English Bulworth",3,"18.99","0.99","19.18","0.05","58"
625,"None Spiking",3,"18.99","0.99","19.18","0.05","58"
531,"Lose Inch",3,"18.99","0.99","19.18","0.05","58"
574,"Midnight Westward",3,"19.99","0.99","20.19","0.05","61"
673,"Personal Ladybugs",3,"19.99","0.99","20.19","0.05","61"
225,"Destination Jerk",3,"19.99","0.99","20.19","0.05","61"
247,"Downhill Enough",3,"19.99","0.99","20.19","0.05","61"
547,"Magic Mallrats",3,"19.99","0.99","20.19","0.05","61"
848,"Stone Fire",3,"19.99","0.99","20.19","0.05","61"
851,"Straight Hours",3,"19.99","0.99","20.19","0.05","61"
910,"Treatment Jekyll",3,"19.99","0.99","20.19","0.05","61"
292,"Excitement Eve",3,"20.99","0.99","21.20","0.05","64"
599,"Mother Oleander",3,"20.99","0.99","21.20","0.05","64"
913,"Troopers Metal",3,"20.99","0.99","21.20","0.05","64"
753,"Rush Goodfellas",3,"20.99","0.99","21.20","0.05","64"
589,"Modern Dorado",3,"20.99","0.99","21.20","0.05","64"
651,"Packer Madigan",3,"20.99","0.99","21.20","0.05","64"
619,"Neighbors Charade",3,"20.99","0.99","21.20","0.05","64"
382,"Grit Clockwork",3,"21.99","0.99","22.21","0.05","67"
618,"Necklace Outbreak",3,"21.99","0.99","22.21","0.05","67"
932,"Valley Packer",3,"21.99","0.99","22.21","0.05","67"
491,"Jumping Wrath",4,"18.99","0.99","19.18","0.05","77"
647,"Outfield Massacre",4,"18.99","0.99","19.18","0.05","77"
213,"Date Speed",4,"19.99","0.99","20.19","0.05","81"
376,"Grapes Fury",4,"20.99","0.99","21.20","0.05","85"
601,"Moulin Wake",4,"20.99","0.99","21.20","0.05","85"
241,"Donnie Alley",4,"20.99","0.99","21.20","0.05","85"
681,"Pirates Roxanne",4,"20.99","0.99","21.20","0.05","85"
164,"Coast Rainbow",4,"20.99","0.99","21.20","0.05","85"
641,"Orange Grapes",4,"21.99","0.99","22.21","0.05","89"
494,"Karate Moon",4,"21.99","0.99","22.21","0.05","89"
736,"Robbery Bright",4,"21.99","0.99","22.21","0.05","89"
493,"Kane Exorcist",5,"18.99","0.99","19.18","0.05","96"
534,"Louisiana Harry",5,"18.99","0.99","19.18","0.05","96"
287,"Entrapment Satisfaction",5,"19.99","0.99","20.19","0.05","101"
613,"Mystic Truman",5,"19.99","0.99","20.19","0.05","101"
427,"Homeward Cider",5,"19.99","0.99","20.19","0.05","101"
831,"Spirited Casualties",5,"20.99","0.99","21.20","0.05","106"
833,"Splendor Patton",5,"20.99","0.99","21.20","0.05","106"
282,"Encounters Curtain",5,"20.99","0.99","21.20","0.05","106"
864,"Sundance Invasion",5,"21.99","0.99","22.21","0.05","112"
810,"Slums Duck",5,"21.99","0.99","22.21","0.05","112"
457,"Independence Hotel",5,"21.99","0.99","22.21","0.05","112"
108,"Butch Panther",6,"19.99","0.99","20.19","0.05","122"
940,"Victory Academy",6,"19.99","0.99","20.19","0.05","122"
1,"Academy Dinosaur",6,"20.99","0.99","21.20","0.05","128"
425,"Holy Tadpole",6,"20.99","0.99","21.20","0.05","128"
367,"Goldmine Tycoon",6,"20.99","0.99","21.20","0.05","128"
696,"Pride Alamo",6,"20.99","0.99","21.20","0.05","128"
566,"Maude Mod",6,"20.99","0.99","21.20","0.05","128"
19,"Amadeus Holy",6,"20.99","0.99","21.20","0.05","128"
454,"Impact Aladdin",6,"20.99","0.99","21.20","0.05","128"
560,"Mars Roman",6,"21.99","0.99","22.21","0.05","134"
440,"Hunger Roof",6,"21.99","0.99","22.21","0.05","134"
105,"Bull Shawshank",6,"21.99","0.99","22.21","0.05","134"
535,"Love Suicides",6,"21.99","0.99","22.21","0.05","134"
176,"Congeniality Quest",6,"21.99","0.99","22.21","0.05","134"
63,"Bedazzled Married",6,"21.99","0.99","22.21","0.05","134"
516,"Legend Jedi",7,"18.99","0.99","19.18","0.05","135"
813,"Smoochy Control",7,"18.99","0.99","19.18","0.05","135"
153,"Citizen Shrek",7,"18.99","0.99","19.18","0.05","135"
355,"Ghostbusters Elf",7,"18.99","0.99","19.18","0.05","135"
538,"Loverboy Attacks",7,"19.99","0.99","20.19","0.05","142"
630,"Notting Speakeasy",7,"19.99","0.99","20.19","0.05","142"
595,"Moon Bunch",7,"20.99","0.99","21.20","0.05","149"
377,"Grease Youth",7,"20.99","0.99","21.20","0.05","149"
523,"Lights Deer",7,"21.99","0.99","22.21","0.05","156"
149,"Christmas Moonshine",7,"21.99","0.99","22.21","0.05","156"
269,"Earring Instinct",3,"22.99","0.99","23.22","0.04","70"
205,"Dances None",3,"22.99","0.99","23.22","0.04","70"
488,"Joon Northwest",3,"23.99","0.99","24.23","0.04","73"
189,"Creatures Shakespeare",3,"23.99","0.99","24.23","0.04","73"
142,"Chicken Hellfighters",3,"24.99","0.99","25.24","0.04","76"
750,"Run Pacific",3,"25.99","0.99","26.25","0.04","79"
434,"Horror Reign",3,"25.99","0.99","26.25","0.04","79"
728,"Reunion Witches",3,"26.99","0.99","27.26","0.04","82"
101,"Brotherhood Blanket",3,"26.99","0.99","27.26","0.04","82"
114,"Camelot Vacation",3,"26.99","0.99","27.26","0.04","82"
799,"Simon North",3,"26.99","0.99","27.26","0.04","82"
650,"Pacific Amistad",3,"27.99","0.99","28.27","0.04","85"
925,"United Pilot",3,"27.99","0.99","28.27","0.04","85"
738,"Rocketeer Mother",3,"27.99","0.99","28.27","0.04","85"
816,"Snowman Rollercoaster",3,"27.99","0.99","28.27","0.04","85"
352,"Gathering Calendar",4,"22.99","0.99","23.22","0.04","93"
40,"Army Flintstones",4,"22.99","0.99","23.22","0.04","93"
982,"Women Dorado",4,"23.99","0.99","24.23","0.04","97"
744,"Roots Remember",4,"23.99","0.99","24.23","0.04","97"
76,"Birdcage Casper",4,"23.99","0.99","24.23","0.04","97"
877,"Taxi Kick",4,"23.99","0.99","24.23","0.04","97"
882,"Tenenbaums Command",4,"24.99","0.99","25.24","0.04","101"
301,"Family Sweet",4,"24.99","0.99","25.24","0.04","101"
974,"Wild Apollo",4,"24.99","0.99","25.24","0.04","101"
617,"Natural Stock",4,"24.99","0.99","25.24","0.04","101"
360,"Glass Dying",4,"24.99","0.99","25.24","0.04","101"
555,"Mallrats United",4,"25.99","0.99","26.25","0.04","105"
622,"Newsies Story",4,"25.99","0.99","26.25","0.04","105"
585,"Mob Duffel",4,"25.99","0.99","26.25","0.04","105"
807,"Sleuth Orient",4,"25.99","0.99","26.25","0.04","105"
110,"Cabin Flash",4,"25.99","0.99","26.25","0.04","105"
317,"Fireball Philadelphia",4,"25.99","0.99","26.25","0.04","105"
204,"Dalmations Sweden",4,"25.99","0.99","26.25","0.04","105"
404,"Hate Handicap",4,"26.99","0.99","27.26","0.04","110"
458,"Indian Love",4,"26.99","0.99","27.26","0.04","110"
834,"Spoilers Hellfighters",4,"26.99","0.99","27.26","0.04","110"
250,"Dragon Squad",4,"26.99","0.99","27.26","0.04","110"
266,"Dynamite Tarzan",4,"27.99","0.99","28.27","0.04","114"
586,"Mockingbird Hollywood",4,"27.99","0.99","28.27","0.04","114"
852,"Strangelove Desire",4,"27.99","0.99","28.27","0.04","114"
906,"Tramp Others",4,"27.99","0.99","28.27","0.04","114"
406,"Haunting Pianist",5,"22.99","0.99","23.22","0.04","117"
945,"Virginian Pluto",5,"22.99","0.99","23.22","0.04","117"
839,"Stallion Sundance",5,"23.99","0.99","24.23","0.04","122"
335,"Freedom Cleopatra",5,"23.99","0.99","24.23","0.04","122"
168,"Comancheros Enemy",5,"23.99","0.99","24.23","0.04","122"
766,"Savannah Town",5,"25.99","0.99","26.25","0.04","132"
504,"Kwai Homeward",5,"25.99","0.99","26.25","0.04","132"
862,"Summer Scarface",5,"25.99","0.99","26.25","0.04","132"
722,"Reef Salute",5,"26.99","0.99","27.26","0.04","137"
509,"Language Cowboy",5,"26.99","0.99","27.26","0.04","137"
840,"Stampede Disturbing",5,"26.99","0.99","27.26","0.04","137"
194,"Crow Grease",6,"22.99","0.99","23.22","0.04","140"
948,"Voice Peach",6,"22.99","0.99","23.22","0.04","140"
790,"Shootist Superfly",6,"22.99","0.99","23.22","0.04","140"
598,"Mosquito Armageddon",6,"22.99","0.99","23.22","0.04","140"
12,"Alaska Phantom",6,"22.99","0.99","23.22","0.04","140"
594,"Montezuma Command",6,"22.99","0.99","23.22","0.04","140"
119,"Caper Motions",6,"22.99","0.99","23.22","0.04","140"
868,"Superfly Trip",5,"27.99","0.99","28.27","0.04","142"
418,"Hobbit Alien",5,"27.99","0.99","28.27","0.04","142"
140,"Cheaper Clyde",6,"23.99","0.99","24.23","0.04","146"
717,"Rear Trading",6,"23.99","0.99","24.23","0.04","146"
894,"Tomatoes Hellfighters",6,"23.99","0.99","24.23","0.04","146"
14,"Alice Fantasia",6,"23.99","0.99","24.23","0.04","146"
38,"Ark Ridgemont",6,"25.99","0.99","26.25","0.04","158"
206,"Dancing Fever",6,"25.99","0.99","26.25","0.04","158"
132,"Chainsaw Uptown",6,"25.99","0.99","26.25","0.04","158"
178,"Connection Microcosmos",6,"25.99","0.99","26.25","0.04","158"
677,"Pianist Outfield",6,"25.99","0.99","26.25","0.04","158"
89,"Borrowers Bedazzled",7,"22.99","0.99","23.22","0.04","163"
885,"Texas Watch",7,"22.99","0.99","23.22","0.04","163"
218,"Deceiver Betrayed",7,"22.99","0.99","23.22","0.04","163"
64,"Beethoven Exorcist",6,"26.99","0.99","27.26","0.04","164"
155,"Cleopatra Devil",6,"26.99","0.99","27.26","0.04","164"
797,"Silence Kane",7,"23.99","0.99","24.23","0.04","170"
795,"Siege Madre",7,"23.99","0.99","24.23","0.04","170"
752,"Runner Madigan",6,"27.99","0.99","28.27","0.04","170"
430,"Hook Chariots",7,"23.99","0.99","24.23","0.04","170"
66,"Beneath Rush",6,"27.99","0.99","28.27","0.04","170"
303,"Fantasy Troopers",6,"27.99","0.99","28.27","0.04","170"
191,"Crooked Frogmen",6,"27.99","0.99","28.27","0.04","170"
949,"Volcano Texas",6,"27.99","0.99","28.27","0.04","170"
511,"Lawrence Love",7,"23.99","0.99","24.23","0.04","170"
18,"Alter Victory",6,"27.99","0.99","28.27","0.04","170"
830,"Spirit Flintstones",7,"23.99","0.99","24.23","0.04","170"
97,"Bride Intrigue",7,"24.99","0.99","25.24","0.04","177"
130,"Celebrity Horn",7,"24.99","0.99","25.24","0.04","177"
718,"Rebel Airport",7,"24.99","0.99","25.24","0.04","177"
742,"Roof Champion",7,"25.99","0.99","26.25","0.04","184"
249,"Dracula Crystal",7,"26.99","0.99","27.26","0.04","191"
280,"Empire Malkovich",7,"26.99","0.99","27.26","0.04","191"
118,"Canyon Stock",7,"26.99","0.99","27.26","0.04","191"
387,"Gun Bonnie",7,"27.99","0.99","28.27","0.04","198"
200,"Curtain Videotape",7,"27.99","0.99","28.27","0.04","198"
850,"Story Side",7,"27.99","0.99","28.27","0.04","198"
942,"Vietnam Smoochy",7,"27.99","0.99","28.27","0.04","198"
743,"Room Roman",7,"27.99","0.99","28.27","0.04","198"
517,"Lesson Cleopatra",3,"28.99","0.99","29.28","0.03","88"
344,"Fury Murder",3,"28.99","0.99","29.28","0.03","88"
730,"Ridgemont Submarine",3,"28.99","0.99","29.28","0.03","88"
909,"Treasure Command",3,"28.99","0.99","29.28","0.03","88"
901,"Tracy Cider",3,"29.99","0.99","30.29","0.03","91"
374,"Graffiti Love",3,"29.99","0.99","30.29","0.03","91"
429,"Honey Ties",3,"29.99","0.99","30.29","0.03","91"
366,"Goldfinger Sensibility",3,"29.99","0.99","30.29","0.03","91"
819,"Song Hedwig",3,"29.99","0.99","30.29","0.03","91"
737,"Rock Instinct",4,"28.99","0.99","29.28","0.03","118"
549,"Magnolia Forrester",4,"28.99","0.99","29.28","0.03","118"
245,"Double Wrath",4,"28.99","0.99","29.28","0.03","118"
395,"Handicap Boondock",4,"28.99","0.99","29.28","0.03","118"
525,"Loathing Legally",4,"29.99","0.99","30.29","0.03","122"
733,"River Outlaw",4,"29.99","0.99","30.29","0.03","122"
85,"Bonnie Holocaust",4,"29.99","0.99","30.29","0.03","122"
163,"Clyde Theory",4,"29.99","0.99","30.29","0.03","122"
290,"Everyone Craft",4,"29.99","0.99","30.29","0.03","122"
794,"Side Ark",5,"28.99","0.99","29.28","0.03","147"
417,"Hills Neighbors",5,"29.99","0.99","30.29","0.03","152"
358,"Gilmore Boiled",5,"29.99","0.99","30.29","0.03","152"
849,"Storm Happiness",6,"28.99","0.99","29.28","0.03","176"
951,"Voyage Legally",6,"28.99","0.99","29.28","0.03","176"
866,"Sunset Racer",6,"28.99","0.99","29.28","0.03","176"
965,"Watership Frontier",6,"28.99","0.99","29.28","0.03","176"
52,"Ballroom Mockingbird",6,"29.99","0.99","30.29","0.03","182"
762,"Sassy Packer",6,"29.99","0.99","30.29","0.03","182"
34,"Arabia Dogma",6,"29.99","0.99","30.29","0.03","182"
475,"Japanese Run",6,"29.99","0.99","30.29","0.03","182"
309,"Feud Frogmen",6,"29.99","0.99","30.29","0.03","182"
741,"Roman Punk",7,"28.99","0.99","29.28","0.03","205"
855,"Streak Ridgemont",7,"28.99","0.99","29.28","0.03","205"
270,"Earth Vision",7,"29.99","0.99","30.29","0.03","213"
423,"Hollywood Anonymous",7,"29.99","0.99","30.29","0.03","213"
157,"Clockwork Paradise",7,"29.99","0.99","30.29","0.03","213"
196,"Cruelty Unforgiven",7,"29.99","0.99","30.29","0.03","213"
663,"Patient Sister",7,"29.99","0.99","30.29","0.03","213"
