"film_id","title","rental_duration","replacement_cost","rental_rate","breakeven_time_of_rental","rate_of_return","breakeven_day","total_sales_excepted_by_film","total_count_by_film"
103,"Bucket Brotherhood",7,"27.99","4.99","5.61","0.18","40","169.66","34"
767,"Scalawag Duck",6,"13.99","4.99","2.80","0.36","17","159.68","32"
973,"Wife Turn",3,"27.99","4.99","5.61","0.18","17","154.69","31"
31,"Apache Divine",5,"16.99","4.99","3.40","0.29","17","154.69","31"
369,"Goodfellas Salute",4,"22.99","4.99","4.61","0.22","19","154.69","31"
1000,"Zorro Ark",3,"18.99","4.99","3.81","0.26","12","154.69","31"
127,"Cat Coneheads",5,"14.99","4.99","3.00","0.33","15","149.70","30"
239,"Dogma Family",5,"16.99","4.99","3.40","0.29","17","149.70","30"
563,"Massacre Usual",6,"16.99","4.99","3.40","0.29","21","149.70","30"
403,"Harry Idaho",5,"18.99","4.99","3.81","0.26","20","149.70","30"
979,"Witches Panic",6,"10.99","4.99","2.20","0.45","14","149.70","30"
174,"Confidential Interview",6,"13.99","4.99","2.80","0.36","17","144.71","29"
893,"Titans Jerk",4,"11.99","4.99","2.40","0.42","10","144.71","29"
941,"Videotape Arsenic",4,"10.99","4.99","2.20","0.45","9","144.71","29"
284,"Enemy Odds",5,"23.99","4.99","4.81","0.21","25","144.71","29"
86,"Boogie Amelie",6,"11.99","4.99","2.40","0.42","15","144.71","29"
159,"Closer Bang",5,"12.99","4.99","2.60","0.38","13","139.72","28"
764,"Saturday Lambs",3,"28.99","4.99","5.81","0.17","18","139.72","28"
911,"Trip Newton",7,"14.99","4.99","3.00","0.33","21","139.72","28"
745,"Roses Treasure",5,"23.99","4.99","4.81","0.21","25","139.72","28"
879,"Telegraph Voyage",3,"20.99","4.99","4.21","0.24","13","134.73","27"
521,"Lies Treatment",7,"28.99","4.99","5.81","0.17","41","134.73","27"
897,"Torque Bound",3,"27.99","4.99","5.61","0.18","17","134.73","27"
603,"Movie Shakespeare",6,"27.99","4.99","5.61","0.18","34","134.73","27"
715,"Range Moonwalker",3,"25.99","4.99","5.21","0.19","16","134.73","27"
244,"Dorado Notting",5,"26.99","4.99","5.41","0.18","28","134.73","27"
330,"Forrester Comancheros",7,"22.99","4.99","4.61","0.22","33","134.73","27"
263,"Durham Panky",6,"14.99","4.99","3.00","0.33","18","129.74","26"
307,"Fellowship Autumn",6,"9.99","4.99","2.00","0.50","12","129.74","26"
838,"Stagecoach Armageddon",5,"25.99","4.99","5.21","0.19","27","129.74","26"
167,"Coma Head",6,"10.99","4.99","2.20","0.45","14","129.74","26"
460,"Innocent Usual",3,"26.99","4.99","5.41","0.18","17","129.74","26"
683,"Pity Bound",5,"19.99","4.99","4.01","0.25","21","129.74","26"
670,"Pelican Comforts",4,"17.99","4.99","3.61","0.28","15","129.74","26"
938,"Velvet Terminator",3,"14.99","4.99","3.00","0.33","9","129.74","26"
624,"Nightmare Chill",3,"25.99","4.99","5.21","0.19","16","124.75","25"
172,"Coneheads Smoochy",7,"12.99","4.99","2.60","0.38","19","124.75","25"
791,"Show Lord",3,"24.99","4.99","5.01","0.20","16","124.75","25"
989,"Working Microcosmos",4,"22.99","4.99","4.61","0.22","19","124.75","25"
856,"Streetcar Intentions",5,"11.99","4.99","2.40","0.42","12","124.75","25"
902,"Trading Pinocchio",6,"22.99","4.99","4.61","0.22","28","124.75","25"
253,"Drifter Commandments",5,"18.99","4.99","3.81","0.26","20","119.76","24"
551,"Maiden Home",3,"9.99","4.99","2.00","0.50","6","119.76","24"
775,"Seattle Expecations",4,"18.99","4.99","3.81","0.26","16","119.76","24"
804,"Sleeping Suspects",7,"13.99","4.99","2.80","0.36","20","119.76","24"
527,"Lola Agent",4,"24.99","4.99","5.01","0.20","21","119.76","24"
45,"Attraction Newton",5,"14.99","4.99","3.00","0.33","15","119.76","24"
131,"Center Dinosaur",5,"12.99","4.99","2.60","0.38","13","119.76","24"
865,"Sunrise League",3,"19.99","4.99","4.01","0.25","13","119.76","24"
995,"Yentl Idaho",5,"11.99","4.99","2.40","0.42","12","114.77","23"
961,"Wash Heavenly",7,"22.99","4.99","4.61","0.22","33","114.77","23"
10,"Aladdin Calendar",6,"24.99","4.99","5.01","0.20","31","114.77","23"
117,"Candles Grapes",6,"15.99","4.99","3.20","0.31","20","114.77","23"
843,"Steel Santa",4,"15.99","4.99","3.20","0.31","13","114.77","23"
327,"Fool Mockingbird",3,"24.99","4.99","5.01","0.20","16","114.77","23"
892,"Titanic Boondock",3,"18.99","4.99","3.81","0.26","12","114.77","23"
271,"Easy Gladiator",5,"12.99","4.99","2.60","0.38","13","114.77","23"
614,"Name Detective",5,"11.99","4.99","2.40","0.42","12","114.77","23"
412,"Heavyweights Beast",6,"25.99","4.99","5.21","0.19","32","114.77","23"
915,"Truman Crazy",7,"9.99","4.99","2.00","0.50","14","114.77","23"
320,"Flamingos Connecticut",4,"28.99","4.99","5.81","0.17","24","114.77","23"
771,"Scorpion Apollo",3,"23.99","4.99","4.81","0.21","15","114.77","23"
334,"Freddy Storm",6,"21.99","4.99","4.41","0.23","27","114.77","23"
676,"Philadelphia Wife",7,"16.99","4.99","3.40","0.29","24","114.77","23"
706,"Queen Luke",5,"22.99","4.99","4.61","0.22","24","109.78","22"
500,"Kiss Glory",5,"11.99","4.99","2.40","0.42","12","109.78","22"
267,"Eagles Panky",4,"14.99","4.99","3.00","0.33","12","109.78","22"
518,"Liaisons Sweet",5,"15.99","4.99","3.20","0.31","16","109.78","22"
814,"Snatch Slipper",6,"15.99","4.99","3.20","0.31","20","109.78","22"
21,"American Circus",3,"17.99","4.99","3.61","0.28","11","109.78","22"
61,"Beauty Grease",5,"28.99","4.99","5.81","0.17","30","109.78","22"
408,"Head Stranger",4,"28.99","4.99","5.81","0.17","24","109.78","22"
898,"Tourist Pelican",4,"18.99","4.99","3.81","0.26","16","109.78","22"
985,"Wonderland Christmas",4,"19.99","4.99","4.01","0.25","17","109.78","22"
556,"Maltese Hope",6,"26.99","4.99","5.41","0.18","33","109.78","22"
575,"Midsummer Groundhog",3,"27.99","4.99","5.61","0.18","17","109.78","22"
972,"Whisperer Giant",4,"24.99","4.99","5.01","0.20","21","109.78","22"
300,"Falcon Volume",5,"21.99","4.99","4.41","0.23","23","109.78","22"
444,"Hustler Party",3,"22.99","4.99","4.61","0.22","14","109.78","22"
313,"Fidelity Devil",5,"11.99","4.99","2.40","0.42","12","104.79","21"
596,"Moonshine Cabin",4,"25.99","4.99","5.21","0.19","21","104.79","21"
755,"Sabrina Midnight",5,"11.99","4.99","2.40","0.42","12","104.79","21"
776,"Secret Groundhog",6,"11.99","4.99","2.40","0.42","15","104.79","21"
922,"Undefeated Dalmations",7,"22.99","4.99","4.61","0.22","33","104.79","21"
255,"Driving Polish",6,"21.99","4.99","4.41","0.23","27","104.79","21"
637,"Open African",7,"16.99","4.99","3.40","0.29","24","104.79","21"
846,"Sting Personal",3,"9.99","4.99","2.00","0.50","6","104.79","21"
112,"Calendar Gunfight",4,"22.99","4.99","4.61","0.22","19","104.79","21"
861,"Suit Walls",3,"12.99","4.99","2.60","0.38","8","104.79","21"
100,"Brooklyn Desert",7,"21.99","4.99","4.41","0.23","31","104.79","21"
354,"Ghost Groundhog",6,"18.99","4.99","3.81","0.26","23","104.79","21"
409,"Heartbreakers Bright",3,"9.99","4.99","2.00","0.50","6","99.80","20"
578,"Million Ace",4,"16.99","4.99","3.40","0.29","14","99.80","20"
694,"Prejudice Oleander",6,"15.99","4.99","3.20","0.31","20","99.80","20"
778,"Secrets Paradise",3,"24.99","4.99","5.01","0.20","16","99.80","20"
827,"Spice Sorority",5,"22.99","4.99","4.61","0.22","24","99.80","20"
501,"Kissing Dolls",3,"9.99","4.99","2.00","0.50","6","99.80","20"
579,"Minds Truman",3,"22.99","4.99","4.61","0.22","14","99.80","20"
668,"Peak Forever",7,"25.99","4.99","5.21","0.19","37","99.80","20"
350,"Garden Island",3,"21.99","4.99","4.41","0.23","14","99.80","20"
486,"Jet Neighbors",7,"14.99","4.99","3.00","0.33","21","99.80","20"
845,"Stepmom Dream",7,"9.99","4.99","2.00","0.50","14","99.80","20"
680,"Pinocchio Simon",4,"21.99","4.99","4.41","0.23","18","99.80","20"
465,"Interview Liaisons",4,"17.99","4.99","3.61","0.28","15","99.80","20"
139,"Chasing Fight",7,"21.99","4.99","4.41","0.23","31","99.80","20"
805,"Sleepless Monsoon",5,"12.99","4.99","2.60","0.38","13","99.80","20"
439,"Hunchback Impossible",4,"28.99","4.99","5.81","0.17","24","99.80","20"
331,"Forward Temple",6,"25.99","2.99","8.69","0.12","53","95.68","32"
725,"Requiem Tycoon",6,"25.99","4.99","5.21","0.19","32","94.81","19"
710,"Rage Games",4,"18.99","4.99","3.81","0.26","16","94.81","19"
396,"Hanging Deep",5,"18.99","4.99","3.81","0.26","20","94.81","19"
451,"Igby Maker",7,"12.99","4.99","2.60","0.38","19","94.81","19"
734,"Road Roxanne",4,"12.99","4.99","2.60","0.38","11","94.81","19"
222,"Desert Poseidon",4,"27.99","4.99","5.61","0.18","23","94.81","19"
243,"Doors President",3,"22.99","4.99","4.61","0.22","14","94.81","19"
580,"Mine Titans",3,"12.99","4.99","2.60","0.38","8","94.81","19"
48,"Backlash Undefeated",3,"24.99","4.99","5.01","0.20","16","94.81","19"
227,"Details Packer",4,"17.99","4.99","3.61","0.28","15","94.81","19"
818,"Something Duck",4,"17.99","4.99","3.61","0.28","15","94.81","19"
785,"Shawshank Bubble",6,"20.99","4.99","4.21","0.24","26","94.81","19"
887,"Thief Pelican",5,"28.99","4.99","5.81","0.17","30","94.81","19"
621,"Network Peak",5,"23.99","2.99","8.02","0.12","41","92.69","31"
735,"Robbers Joon",7,"26.99","2.99","9.03","0.11","64","92.69","31"
777,"Secretary Rouge",5,"10.99","4.99","2.20","0.45","11","89.82","18"
77,"Birds Perdition",5,"15.99","4.99","3.20","0.31","16","89.82","18"
583,"Mission Zoolander",3,"26.99","4.99","5.41","0.18","17","89.82","18"
8,"Airport Pollock",6,"15.99","4.99","3.20","0.31","20","89.82","18"
346,"Galaxy Sweethearts",4,"13.99","4.99","2.80","0.36","12","89.82","18"
456,"Inch Jet",6,"18.99","4.99","3.81","0.26","23","89.82","18"
971,"Whale Bikini",4,"11.99","4.99","2.40","0.42","10","89.82","18"
294,"Expecations Natural",5,"26.99","4.99","5.41","0.18","28","89.82","18"
385,"Groundhog Uncut",6,"26.99","4.99","5.41","0.18","33","89.82","18"
871,"Sweden Shining",6,"19.99","4.99","4.01","0.25","25","89.82","18"
212,"Darn Forrester",7,"14.99","4.99","3.00","0.33","21","89.82","18"
768,"Scarface Bang",3,"11.99","4.99","2.40","0.42","8","89.82","18"
215,"Dawn Pond",4,"27.99","4.99","5.61","0.18","23","89.82","18"
251,"Dragonfly Strangers",6,"19.99","4.99","4.01","0.25","25","89.82","18"
702,"Pulp Beverly",4,"12.99","2.99","4.34","0.23","18","89.70","30"
450,"Idols Snatchers",5,"29.99","2.99","10.03","0.10","51","89.70","30"
869,"Suspects Quills",4,"22.99","2.99","7.69","0.13","31","89.70","30"
789,"Shock Cabin",7,"15.99","2.99","5.35","0.19","38","89.70","30"
609,"Muscle Bright",7,"23.99","2.99","8.02","0.12","57","89.70","30"
559,"Married Go",7,"22.99","2.99","7.69","0.13","54","89.70","30"
378,"Greatest North",5,"24.99","2.99","8.36","0.12","42","86.71","29"
361,"Gleaming Jawbreaker",5,"25.99","2.99","8.69","0.12","44","86.71","29"
73,"Bingo Talented",5,"22.99","2.99","7.69","0.13","39","86.71","29"
220,"Deer Virginian",7,"13.99","2.99","4.68","0.21","33","86.71","29"
763,"Satisfaction Confidential",3,"26.99","4.99","5.41","0.18","17","84.83","17"
95,"Breakfast Goldfinger",5,"18.99","4.99","3.81","0.26","20","84.83","17"
506,"Lady Stage",4,"14.99","4.99","3.00","0.33","12","84.83","17"
70,"Bikini Borrowers",7,"26.99","4.99","5.41","0.18","38","84.83","17"
398,"Hanover Galaxy",5,"21.99","4.99","4.41","0.23","23","84.83","17"
324,"Flintstones Happiness",3,"11.99","4.99","2.40","0.42","8","84.83","17"
265,"Dying Maker",5,"28.99","4.99","5.81","0.17","30","84.83","17"
964,"Waterfront Deliverance",4,"17.99","4.99","3.61","0.28","15","84.83","17"
183,"Conversation Downhill",4,"14.99","4.99","3.00","0.33","12","84.83","17"
854,"Strangers Graffiti",4,"22.99","4.99","4.61","0.22","19","84.83","17"
336,"French Holiday",5,"22.99","4.99","4.61","0.22","24","84.83","17"
611,"Musketeers Wait",7,"17.99","4.99","3.61","0.28","26","84.83","17"
859,"Sugar Wonka",3,"20.99","4.99","4.21","0.24","13","84.83","17"
878,"Teen Apollo",3,"25.99","4.99","5.21","0.19","16","84.83","17"
803,"Slacker Liaisons",7,"29.99","4.99","6.01","0.17","43","84.83","17"
510,"Lawless Vision",6,"29.99","4.99","6.01","0.17","37","84.83","17"
691,"Poseidon Forever",6,"29.99","4.99","6.01","0.17","37","84.83","17"
512,"League Hellfighters",5,"25.99","4.99","5.21","0.19","27","84.83","17"
944,"Virgin Daisy",6,"29.99","4.99","6.01","0.17","37","84.83","17"
356,"Giant Troopers",5,"10.99","2.99","3.68","0.27","19","83.72","28"
305,"Fatal Haunted",6,"24.99","2.99","8.36","0.12","51","83.72","28"
958,"Wardrobe Phantom",6,"19.99","2.99","6.69","0.15","41","80.73","27"
698,"Princess Giant",3,"29.99","2.99","10.03","0.10","31","80.73","27"
349,"Gangs Pride",4,"27.99","2.99","9.36","0.11","38","80.73","27"
78,"Blackout Private",7,"12.99","2.99","4.34","0.23","31","80.73","27"
638,"Operation Operation",7,"23.99","2.99","8.02","0.12","57","80.73","27"
135,"Chance Resurrection",3,"22.99","2.99","7.69","0.13","24","80.73","27"
468,"Invasion Cyclone",5,"12.99","2.99","4.34","0.23","22","80.73","27"
835,"Spy Mile",6,"13.99","2.99","4.68","0.21","29","80.73","27"
570,"Mermaid Insects",5,"20.99","4.99","4.21","0.24","22","79.84","16"
141,"Chicago North",6,"11.99","4.99","2.40","0.42","15","79.84","16"
708,"Quills Bull",4,"19.99","4.99","4.01","0.25","17","79.84","16"
260,"Dude Blindness",3,"9.99","4.99","2.00","0.50","6","79.84","16"
908,"Trap Guys",3,"11.99","4.99","2.40","0.42","8","79.84","16"
392,"Hall Cassidy",5,"13.99","4.99","2.80","0.36","14","79.84","16"
980,"Wizard Coldblooded",4,"12.99","4.99","2.60","0.38","11","79.84","16"
666,"Paycheck Wait",4,"27.99","4.99","5.61","0.18","23","79.84","16"
686,"Pluto Oleander",5,"9.99","4.99","2.00","0.50","10","79.84","16"
749,"Rules Human",6,"19.99","4.99","4.01","0.25","25","79.84","16"
226,"Destiny Saturday",4,"20.99","4.99","4.21","0.24","17","79.84","16"
969,"West Lion",4,"29.99","4.99","6.01","0.17","25","79.84","16"
165,"Coldblooded Darling",7,"27.99","4.99","5.61","0.18","40","79.84","16"
170,"Command Darling",5,"28.99","4.99","5.81","0.17","30","79.84","16"
179,"Conquerer Nuts",4,"14.99","4.99","3.00","0.33","12","79.84","16"
203,"Daisy Menagerie",5,"9.99","4.99","2.00","0.50","10","79.84","16"
739,"Rocky War",4,"17.99","4.99","3.61","0.28","15","79.84","16"
44,"Attacks Hate",5,"21.99","4.99","4.41","0.23","23","79.84","16"
123,"Casablanca Super",6,"22.99","4.99","4.61","0.22","28","79.84","16"
956,"Wanda Chamber",7,"23.99","4.99","4.81","0.21","34","79.84","16"
234,"Disturbing Scarface",6,"27.99","2.99","9.36","0.11","57","77.74","26"
397,"Hanky October",5,"26.99","2.99","9.03","0.11","46","77.74","26"
181,"Contact Anonymous",7,"10.99","2.99","3.68","0.27","26","77.74","26"
471,"Island Exorcist",7,"23.99","2.99","8.02","0.12","57","77.74","26"
445,"Hyde Doctor",5,"11.99","2.99","4.01","0.25","21","77.74","26"
572,"Metropolis Coma",4,"9.99","2.99","3.34","0.30","14","77.74","26"
773,"Seabiscuit Punk",6,"28.99","2.99","9.70","0.10","59","77.74","26"
391,"Half Outfield",6,"25.99","2.99","8.69","0.12","53","77.74","26"
554,"Malkovich Pet",6,"22.99","2.99","7.69","0.13","47","77.74","26"
84,"Boiled Dares",7,"13.99","4.99","2.80","0.36","20","74.85","15"
28,"Anthem Luke",5,"16.99","4.99","3.40","0.29","17","74.85","15"
844,"Steers Armageddon",6,"16.99","4.99","3.40","0.29","21","74.85","15"
7,"Airplane Sierra",6,"28.99","4.99","5.81","0.17","35","74.85","15"
532,"Loser Hustler",5,"28.99","4.99","5.81","0.17","30","74.85","15"
272,"Edge Kissing",5,"9.99","4.99","2.00","0.50","10","74.85","15"
420,"Holes Brannigan",7,"27.99","4.99","5.61","0.18","40","74.85","15"
654,"Panky Submarine",4,"19.99","4.99","4.01","0.25","17","74.85","15"
588,"Model Fish",4,"11.99","4.99","2.40","0.42","10","74.85","15"
68,"Betrayed Rear",5,"26.99","4.99","5.41","0.18","28","74.85","15"
446,"Hysterical Grail",5,"19.99","4.99","4.01","0.25","21","74.85","15"
421,"Holiday Games",7,"10.99","4.99","2.20","0.45","16","74.85","15"
858,"Submarine Bed",5,"21.99","4.99","4.41","0.23","23","74.85","15"
655,"Panther Reds",5,"22.99","4.99","4.61","0.22","24","74.85","15"
229,"Devil Desire",6,"12.99","4.99","2.60","0.38","16","74.85","15"
571,"Metal Armageddon",6,"26.99","2.99","9.03","0.11","55","74.75","25"
162,"Clueless Bucket",4,"13.99","2.99","4.68","0.21","19","74.75","25"
895,"Tomorrow Hustler",3,"21.99","2.99","7.35","0.14","23","74.75","25"
319,"Fish Opus",4,"22.99","2.99","7.69","0.13","31","74.75","25"
880,"Telemark Heartbreakers",6,"9.99","2.99","3.34","0.30","21","74.75","25"
288,"Escape Metropolis",7,"20.99","2.99","7.02","0.14","50","74.75","25"
644,"Oscar Gold",7,"29.99","2.99","10.03","0.10","71","74.75","25"
154,"Clash Freddy",6,"12.99","2.99","4.34","0.23","27","74.75","25"
760,"Samurai Lion",5,"21.99","2.99","7.35","0.14","37","74.75","25"
55,"Barbarella Streetcar",6,"27.99","2.99","9.36","0.11","57","74.75","25"
43,"Atlantis Cause",6,"15.99","2.99","5.35","0.19","33","71.76","24"
502,"Knock Warlock",4,"21.99","2.99","7.35","0.14","30","71.76","24"
476,"Jason Trap",5,"9.99","2.99","3.34","0.30","17","71.76","24"
447,"Ice Crossing",5,"28.99","2.99","9.70","0.10","49","71.76","24"
304,"Fargo Gandhi",3,"28.99","2.99","9.70","0.10","30","71.76","24"
649,"Oz Liaisons",4,"14.99","2.99","5.01","0.20","21","71.76","24"
443,"Hurricane Affair",6,"11.99","2.99","4.01","0.25","25","71.76","24"
166,"Color Philadelphia",6,"19.99","2.99","6.69","0.15","41","71.76","24"
433,"Horn Working",4,"23.99","2.99","8.02","0.12","33","71.76","24"
35,"Arachnophobia Rollercoaster",4,"24.99","2.99","8.36","0.12","34","71.76","24"
381,"Grinch Massage",7,"25.99","4.99","5.21","0.19","37","69.86","14"
173,"Confessions Maguire",7,"25.99","4.99","5.21","0.19","37","69.86","14"
968,"Werewolf Lola",6,"19.99","4.99","4.01","0.25","25","69.86","14"
219,"Deep Crusade",6,"20.99","4.99","4.21","0.24","26","69.86","14"
81,"Blindness Gun",6,"29.99","4.99","6.01","0.17","37","69.86","14"
347,"Games Bowfinger",7,"17.99","4.99","3.61","0.28","26","69.86","14"
648,"Outlaw Hanky",7,"17.99","4.99","3.61","0.28","26","69.86","14"
365,"Gold River",4,"21.99","4.99","4.41","0.23","18","69.86","14"
190,"Creepers Kane",5,"23.99","4.99","4.81","0.21","25","69.86","14"
277,"Elephant Trojan",4,"24.99","4.99","5.01","0.20","21","69.86","14"
455,"Impossible Prejudice",7,"11.99","4.99","2.40","0.42","17","69.86","14"
216,"Day Unfaithful",3,"16.99","4.99","3.40","0.29","11","69.86","14"
426,"Home Pity",7,"15.99","4.99","3.20","0.31","23","69.86","14"
946,"Virtual Spoilers",3,"14.99","4.99","3.00","0.33","9","69.86","14"
645,"Others Soup",7,"18.99","2.99","6.35","0.16","45","68.77","23"
353,"Gentlemen Stage",6,"22.99","2.99","7.69","0.13","47","68.77","23"
759,"Salute Apollo",4,"29.99","2.99","10.03","0.10","41","68.77","23"
437,"House Dynamite",7,"13.99","2.99","4.68","0.21","33","68.77","23"
51,"Balloon Homeward",5,"10.99","2.99","3.68","0.27","19","68.77","23"
857,"Strictly Scarface",3,"24.99","2.99","8.36","0.12","26","68.77","23"
914,"Trouble Date",6,"13.99","2.99","4.68","0.21","29","68.77","23"
199,"Cupboard Sinners",4,"29.99","2.99","10.03","0.10","41","68.77","23"
665,"Patton Interview",4,"22.99","2.99","7.69","0.13","31","68.77","23"
608,"Murder Antitrust",6,"11.99","2.99","4.01","0.25","25","68.77","23"
4,"Affair Prejudice",5,"26.99","2.99","9.03","0.11","46","68.77","23"
782,"Shakespeare Saddle",6,"26.99","2.99","9.03","0.11","55","65.78","22"
800,"Sinners Atlantis",7,"19.99","2.99","6.69","0.15","47","65.78","22"
823,"South Wait",4,"21.99","2.99","7.35","0.14","30","65.78","22"
428,"Homicide Peach",6,"21.99","2.99","7.35","0.14","45","65.78","22"
252,"Dream Pickup",6,"18.99","2.99","6.35","0.16","39","65.78","22"
25,"Angels Life",3,"15.99","2.99","5.35","0.19","17","65.78","22"
15,"Alien Center",5,"10.99","2.99","3.68","0.27","19","65.78","22"
322,"Flatliners Killer",5,"29.99","2.99","10.03","0.10","51","65.78","22"
415,"High Encino",3,"23.99","2.99","8.02","0.12","25","65.78","22"
772,"Sea Virgin",4,"24.99","2.99","8.36","0.12","34","65.78","22"
59,"Bear Graceland",4,"20.99","2.99","7.02","0.14","29","65.78","22"
321,"Flash Wars",3,"21.99","4.99","4.41","0.23","14","64.87","13"
639,"Opposite Necklace",7,"9.99","4.99","2.00","0.50","14","64.87","13"
867,"Super Wyoming",5,"10.99","4.99","2.20","0.45","11","64.87","13"
568,"Memento Zoolander",4,"11.99","4.99","2.40","0.42","10","64.87","13"
98,"Bright Encounters",4,"12.99","4.99","2.60","0.38","11","64.87","13"
597,"Moonwalker Fool",5,"12.99","4.99","2.60","0.38","13","64.87","13"
133,"Chamber Italian",7,"14.99","4.99","3.00","0.33","21","64.87","13"
661,"Past Suicides",5,"17.99","4.99","3.61","0.28","19","64.87","13"
711,"Raging Airplane",4,"18.99","4.99","3.81","0.26","16","64.87","13"
765,"Saturn Name",7,"18.99","4.99","3.81","0.26","27","64.87","13"
65,"Behavior Runaway",3,"20.99","4.99","4.21","0.24","13","64.87","13"
177,"Connecticut Tramp",4,"20.99","4.99","4.21","0.24","17","64.87","13"
134,"Champion Flatliners",4,"21.99","4.99","4.41","0.23","18","64.87","13"
929,"Usual Untouchables",5,"21.99","4.99","4.41","0.23","23","64.87","13"
71,"Bilko Anonymous",3,"25.99","4.99","5.21","0.19","16","64.87","13"
145,"Chisum Behavior",5,"25.99","4.99","5.21","0.19","27","64.87","13"
202,"Daddy Pittsburgh",5,"26.99","4.99","5.41","0.18","28","64.87","13"
151,"Cincinatti Whisperer",5,"26.99","4.99","5.41","0.18","28","64.87","13"
994,"Wyoming Storm",6,"29.99","4.99","6.01","0.17","37","64.87","13"
487,"Jingle Sagebrush",6,"29.99","4.99","6.01","0.17","37","64.87","13"
193,"Crossroads Casualties",5,"20.99","2.99","7.02","0.14","36","62.79","21"
806,"Sleepy Japanese",4,"25.99","2.99","8.69","0.12","35","62.79","21"
83,"Blues Instinct",5,"18.99","2.99","6.35","0.16","32","62.79","21"
274,"Egg Igby",4,"20.99","2.99","7.02","0.14","29","62.79","21"
37,"Arizona Bang",3,"28.99","2.99","9.70","0.10","30","62.79","21"
49,"Badman Dawn",6,"22.99","2.99","7.69","0.13","47","62.79","21"
69,"Beverly Outlaw",3,"21.99","2.99","7.35","0.14","23","62.79","21"
138,"Chariots Conspiracy",5,"29.99","2.99","10.03","0.10","51","62.79","21"
514,"Lebowski Soldiers",6,"17.99","2.99","6.02","0.17","37","62.79","21"
67,"Berets Agent",5,"24.99","2.99","8.36","0.12","42","62.79","21"
57,"Basic Easy",4,"18.99","2.99","6.35","0.16","26","62.79","21"
22,"Amistad Midsummer",6,"10.99","2.99","3.68","0.27","23","62.79","21"
841,"Star Operation",5,"9.99","2.99","3.34","0.30","17","62.79","21"
6,"Agent Truman",3,"17.99","2.99","6.02","0.17","19","62.79","21"
235,"Divide Monster",6,"13.99","2.99","4.68","0.21","29","62.79","21"
930,"Vacation Boondock",4,"23.99","2.99","8.02","0.12","33","62.79","21"
129,"Cause Date",3,"16.99","2.99","5.68","0.18","18","62.79","21"
881,"Temple Attraction",5,"13.99","4.99","2.80","0.36","14","59.88","12"
207,"Dangerous Uptown",7,"26.99","4.99","5.41","0.18","38","59.88","12"
919,"Tycoon Gathering",3,"17.99","4.99","3.61","0.28","11","59.88","12"
88,"Born Spinal",7,"17.99","4.99","3.61","0.28","26","59.88","12"
323,"Flight Lies",7,"22.99","4.99","4.61","0.22","33","59.88","12"
798,"Silverado Goldfinger",4,"11.99","4.99","2.40","0.42","10","59.88","12"
93,"Brannigan Sunrise",4,"27.99","4.99","5.61","0.18","23","59.88","12"
933,"Vampire Whale",4,"11.99","4.99","2.40","0.42","10","59.88","12"
682,"Pittsburgh Hunchback",4,"17.99","4.99","3.61","0.28","15","59.88","12"
957,"War Notting",7,"26.99","4.99","5.41","0.18","38","59.88","12"
113,"California Birds",4,"19.99","4.99","4.01","0.25","17","59.88","12"
723,"Reign Gentlemen",3,"29.99","2.99","10.03","0.10","31","59.80","20"
231,"Dinosaur Secretary",7,"27.99","2.99","9.36","0.11","66","59.80","20"
326,"Flying Hook",6,"18.99","2.99","6.35","0.16","39","59.80","20"
484,"Jerk Paycheck",3,"13.99","2.99","4.68","0.21","15","59.80","20"
462,"Insider Arizona",5,"17.99","2.99","6.02","0.17","31","59.80","20"
993,"Wrong Behavior",6,"10.99","2.99","3.68","0.27","23","59.80","20"
590,"Money Harold",3,"17.99","2.99","6.02","0.17","19","59.80","20"
628,"Northwest Polish",5,"24.99","2.99","8.36","0.12","42","59.80","20"
707,"Quest Mussolini",5,"29.99","2.99","10.03","0.10","51","59.80","20"
720,"Redemption Comforts",3,"20.99","2.99","7.02","0.14","22","59.80","20"
99,"Bringing Hysterical",7,"14.99","2.99","5.01","0.20","36","59.80","20"
414,"Hellfighters Sierra",3,"23.99","2.99","8.02","0.12","25","59.80","20"
150,"Cider Desire",7,"9.99","2.99","3.34","0.30","24","56.81","19"
302,"Fantasia Park",5,"29.99","2.99","10.03","0.10","51","56.81","19"
115,"Campus Remember",5,"27.99","2.99","9.36","0.11","47","56.81","19"
912,"Trojan Tomorrow",3,"9.99","2.99","3.34","0.30","11","56.81","19"
298,"Eyes Driving",4,"13.99","2.99","4.68","0.21","19","56.81","19"
370,"Gorgeous Bingo",4,"26.99","2.99","9.03","0.11","37","56.81","19"
690,"Pond Seattle",7,"25.99","2.99","8.69","0.12","61","56.81","19"
158,"Clones Pinocchio",6,"16.99","2.99","5.68","0.18","35","56.81","19"
72,"Bill Others",6,"12.99","2.99","4.34","0.23","27","56.81","19"
616,"National Story",4,"19.99","2.99","6.69","0.15","27","56.81","19"
640,"Opus Ice",5,"21.99","4.99","4.41","0.23","23","54.89","11"
469,"Iron Moon",7,"27.99","4.99","5.61","0.18","40","54.89","11"
889,"Ties Hunger",3,"28.99","4.99","5.81","0.17","18","54.89","11"
60,"Beast Hunchback",3,"22.99","4.99","4.61","0.22","14","54.89","11"
74,"Birch Antitrust",4,"18.99","4.99","3.81","0.26","16","54.89","11"
46,"Autumn Crow",3,"13.99","4.99","2.80","0.36","9","54.89","11"
210,"Darko Dorado",3,"13.99","4.99","2.80","0.36","9","54.89","11"
853,"Stranger Strangers",3,"12.99","4.99","2.60","0.38","8","54.89","11"
587,"Mod Secretary",6,"20.99","4.99","4.21","0.24","26","54.89","11"
905,"Trainspotting Strangers",7,"10.99","4.99","2.20","0.45","16","54.89","11"
633,"October Submarine",6,"10.99","4.99","2.20","0.45","14","54.89","11"
627,"North Tequila",4,"9.99","4.99","2.00","0.50","8","54.89","11"
92,"Bowfinger Gables",7,"19.99","4.99","4.01","0.25","29","54.89","11"
342,"Fugitive Maguire",7,"28.99","4.99","5.81","0.17","41","54.89","11"
888,"Thin Sagebrush",5,"9.99","4.99","2.00","0.50","10","54.89","11"
75,"Bird Independence",6,"14.99","4.99","3.00","0.33","18","54.89","11"
918,"Twisted Pirates",4,"23.99","4.99","4.81","0.21","20","54.89","11"
936,"Vanishing Rocky",3,"21.99","2.99","7.35","0.14","23","53.82","18"
254,"Driver Annie",4,"11.99","2.99","4.01","0.25","17","53.82","18"
657,"Paradise Sabrina",5,"12.99","2.99","4.34","0.23","22","53.82","18"
286,"Enough Raging",7,"16.99","2.99","5.68","0.18","40","53.82","18"
463,"Instinct Airport",4,"21.99","2.99","7.35","0.14","30","53.82","18"
724,"Remember Diary",5,"15.99","2.99","5.35","0.19","27","53.82","18"
473,"Jacket Frisco",5,"16.99","2.99","5.68","0.18","29","53.82","18"
56,"Barefoot Manchurian",6,"15.99","2.99","5.35","0.19","33","53.82","18"
121,"Carol Texas",4,"15.99","2.99","5.35","0.19","22","53.82","18"
329,"Forrest Sons",4,"15.99","2.99","5.35","0.19","22","53.82","18"
410,"Heaven Freedom",7,"19.99","2.99","6.69","0.15","47","53.82","18"
116,"Candidate Perdition",4,"10.99","2.99","3.68","0.27","15","53.82","18"
709,"Racer Egg",7,"19.99","2.99","6.69","0.15","47","53.82","18"
432,"Hope Tootsie",4,"22.99","2.99","7.69","0.13","31","53.82","18"
474,"Jade Bunch",6,"21.99","2.99","7.35","0.14","45","53.82","18"
967,"Weekend Personal",5,"26.99","2.99","9.03","0.11","46","53.82","18"
184,"Core Suit",3,"24.99","2.99","8.36","0.12","26","53.82","18"
689,"Pollock Deliverance",5,"14.99","2.99","5.01","0.20","26","53.82","18"
986,"Wonka Sea",6,"24.99","2.99","8.36","0.12","51","53.82","18"
58,"Beach Heartbreakers",6,"16.99","2.99","5.68","0.18","35","50.83","17"
672,"Perfect Groove",7,"17.99","2.99","6.02","0.17","43","50.83","17"
380,"Greek Everyone",7,"11.99","2.99","4.01","0.25","29","50.83","17"
333,"Freaky Pocus",7,"16.99","2.99","5.68","0.18","40","50.83","17"
999,"Zoolander Fiction",5,"28.99","2.99","9.70","0.10","49","50.83","17"
483,"Jericho Mulan",3,"29.99","2.99","10.03","0.10","31","50.83","17"
626,"Noon Papi",5,"12.99","2.99","4.34","0.23","22","50.83","17"
693,"Potter Connecticut",5,"16.99","2.99","5.68","0.18","29","50.83","17"
308,"Ferris Mother",3,"13.99","2.99","4.68","0.21","15","50.83","17"
464,"Intentions Empire",3,"13.99","2.99","4.68","0.21","15","50.83","17"
643,"Orient Closer",3,"22.99","2.99","7.69","0.13","24","50.83","17"
175,"Confused Candles",3,"27.99","2.99","9.36","0.11","29","50.83","17"
481,"Jekyll Frogmen",4,"22.99","2.99","7.69","0.13","31","50.83","17"
561,"Mask Peach",6,"26.99","2.99","9.03","0.11","55","50.83","17"
448,"Idaho Love",3,"25.99","2.99","8.69","0.12","27","50.83","17"
169,"Comforts Rush",3,"19.99","2.99","6.69","0.15","21","50.83","17"
312,"Fiddler Lost",4,"20.99","4.99","4.21","0.24","17","49.90","10"
508,"Lambs Cincinatti",6,"18.99","4.99","3.81","0.26","23","49.90","10"
662,"Paths Control",3,"9.99","4.99","2.00","0.50","6","49.90","10"
20,"Amelie Hellfighters",4,"23.99","4.99","4.81","0.21","20","49.90","10"
543,"Madigan Dorado",5,"20.99","4.99","4.21","0.24","22","49.90","10"
276,"Element Freddy",6,"28.99","4.99","5.81","0.17","35","49.90","10"
731,"Right Cranes",7,"29.99","4.99","6.01","0.17","43","49.90","10"
246,"Doubtfire Labyrinth",5,"16.99","4.99","3.40","0.29","17","49.90","10"
422,"Hollow Jeopardy",7,"25.99","4.99","5.21","0.19","37","49.90","10"
279,"Elizabeth Shane",7,"11.99","4.99","2.40","0.42","17","49.90","10"
780,"Sensibility Rear",7,"15.99","4.99","3.20","0.31","23","49.90","10"
757,"Sagebrush Clueless",4,"28.99","2.99","9.70","0.10","39","47.84","16"
987,"Words Hunter",3,"13.99","2.99","4.68","0.21","15","47.84","16"
991,"Worst Banger",4,"26.99","2.99","9.03","0.11","37","47.84","16"
664,"Patriot Roman",6,"12.99","2.99","4.34","0.23","27","47.84","16"
937,"Varsity Trip",7,"14.99","2.99","5.01","0.20","36","47.84","16"
373,"Graduate Lord",7,"14.99","2.99","5.01","0.20","36","47.84","16"
927,"Uprising Uptown",6,"16.99","2.99","5.68","0.18","35","47.84","16"
526,"Lock Rear",7,"10.99","2.99","3.68","0.27","26","47.84","16"
704,"Pure Runner",3,"25.99","2.99","8.69","0.12","27","47.84","16"
679,"Pilot Hoosiers",6,"17.99","2.99","6.02","0.17","37","47.84","16"
42,"Artist Coldblooded",5,"10.99","2.99","3.68","0.27","19","47.84","16"
480,"Jeepers Wedding",3,"29.99","2.99","10.03","0.10","31","47.84","16"
351,"Gaslight Crusade",4,"10.99","2.99","3.68","0.27","15","47.84","16"
678,"Pickup Driving",3,"23.99","2.99","8.02","0.12","25","47.84","16"
716,"Reap Unfaithful",6,"26.99","2.99","9.03","0.11","55","47.84","16"
975,"Willow Tracy",6,"22.99","2.99","7.69","0.13","47","47.84","16"
50,"Baked Cleopatra",3,"20.99","2.99","7.02","0.14","22","47.84","16"
211,"Darling Breaking",7,"20.99","4.99","4.21","0.24","30","44.91","9"
435,"Hotel Happiness",6,"28.99","4.99","5.81","0.17","35","44.91","9"
824,"Spartacus Cheaper",4,"19.99","4.99","4.01","0.25","17","44.91","9"
120,"Caribbean Liberty",3,"16.99","4.99","3.40","0.29","11","44.91","9"
214,"Daughter Madigan",3,"13.99","4.99","2.80","0.36","9","44.91","9"
390,"Guys Falcon",4,"20.99","4.99","4.21","0.24","17","44.91","9"
685,"Platoon Instinct",6,"10.99","4.99","2.20","0.45","14","44.91","9"
126,"Casualties Encino",3,"16.99","4.99","3.40","0.29","11","44.91","9"
256,"Drop Waterfront",6,"20.99","4.99","4.21","0.24","26","44.91","9"
515,"Legally Secretary",7,"14.99","4.99","3.00","0.33","21","44.91","9"
565,"Matrix Snowman",6,"9.99","4.99","2.00","0.50","12","44.91","9"
591,"Monsoon Cause",6,"20.99","4.99","4.21","0.24","26","44.91","9"
721,"Reds Pocus",7,"23.99","4.99","4.81","0.21","34","44.91","9"
338,"Frisco Forrest",6,"23.99","4.99","4.81","0.21","29","44.91","9"
466,"Intolerable Intentions",6,"20.99","4.99","4.21","0.24","26","44.91","9"
499,"King Evolution",3,"24.99","4.99","5.01","0.20","16","44.91","9"
934,"Vanilla Day",7,"20.99","4.99","4.21","0.24","30","44.91","9"
632,"Nuts Ties",5,"10.99","4.99","2.20","0.45","11","44.91","9"
13,"Ali Forever",4,"21.99","4.99","4.41","0.23","18","44.91","9"
826,"Speed Suit",7,"19.99","4.99","4.01","0.25","29","44.91","9"
236,"Divine Resurrection",4,"19.99","2.99","6.69","0.15","27","44.85","15"
788,"Ship Wonderland",5,"15.99","2.99","5.35","0.19","27","44.85","15"
505,"Labyrinth League",6,"24.99","2.99","8.36","0.12","51","44.85","15"
438,"Human Graffiti",3,"22.99","2.99","7.69","0.13","24","44.85","15"
820,"Sons Interview",3,"11.99","2.99","4.01","0.25","13","44.85","15"
529,"Lonely Elephant",3,"12.99","2.99","4.34","0.23","14","44.85","15"
988,"Worker Tarzan",7,"26.99","2.99","9.03","0.11","64","44.85","15"
544,"Madison Trap",4,"11.99","2.99","4.01","0.25","17","44.85","15"
442,"Hunting Musketeers",6,"24.99","2.99","8.36","0.12","51","44.85","15"
770,"Scissorhands Slums",5,"13.99","2.99","4.68","0.21","24","44.85","15"
137,"Charade Duffel",3,"21.99","2.99","7.35","0.14","23","44.85","15"
872,"Sweet Brotherhood",3,"27.99","2.99","9.36","0.11","29","44.85","15"
592,"Monster Spartacus",6,"28.99","2.99","9.70","0.10","59","44.85","15"
792,"Shrek License",7,"15.99","2.99","5.35","0.19","38","44.85","15"
557,"Manchurian Curtain",5,"27.99","2.99","9.36","0.11","47","44.85","15"
542,"Lust Lock",3,"28.99","2.99","9.70","0.10","30","44.85","15"
201,"Cyclone Family",7,"18.99","2.99","6.35","0.16","45","44.85","15"
962,"Wasteland Divine",7,"18.99","2.99","6.35","0.16","45","44.85","15"
152,"Circus Youth",5,"13.99","2.99","4.68","0.21","24","44.85","15"
232,"Dirty Ace",7,"29.99","2.99","10.03","0.10","71","44.85","15"
615,"Nash Chocolat",6,"21.99","2.99","7.35","0.14","45","44.85","15"
847,"Stock Glass",7,"10.99","2.99","3.68","0.27","26","41.86","14"
620,"Nemo Campus",5,"23.99","2.99","8.02","0.12","41","41.86","14"
784,"Shanghai Tycoon",7,"20.99","2.99","7.02","0.14","50","41.86","14"
900,"Town Ark",6,"17.99","2.99","6.02","0.17","37","41.86","14"
478,"Jaws Harry",4,"10.99","2.99","3.68","0.27","15","41.86","14"
916,"Turn Star",3,"10.99","2.99","3.68","0.27","12","41.86","14"
536,"Lovely Jingle",3,"18.99","2.99","6.35","0.16","20","41.86","14"
921,"Uncut Suicides",7,"29.99","2.99","10.03","0.10","71","41.86","14"
783,"Shane Darkness",5,"22.99","2.99","7.69","0.13","39","41.86","14"
546,"Madre Gables",7,"27.99","2.99","9.36","0.11","66","41.86","14"
16,"Alley Evolution",6,"23.99","2.99","8.02","0.12","49","41.86","14"
774,"Searchers Wait",3,"22.99","2.99","7.69","0.13","24","41.86","14"
24,"Analyze Hoosiers",6,"19.99","2.99","6.69","0.15","41","41.86","14"
658,"Paris Weekend",7,"19.99","2.99","6.69","0.15","47","41.86","14"
667,"Peach Innocent",3,"20.99","2.99","7.02","0.14","22","41.86","14"
394,"Hamlet Wisdom",7,"21.99","2.99","7.35","0.14","52","41.86","14"
793,"Shrunk Divine",6,"14.99","2.99","5.01","0.20","31","41.86","14"
453,"Image Princess",3,"17.99","2.99","6.02","0.17","19","41.86","14"
756,"Saddle Antitrust",7,"10.99","2.99","3.68","0.27","26","41.86","14"
371,"Gosford Donnie",5,"17.99","4.99","3.61","0.28","19","39.92","8"
719,"Records Zorro",7,"11.99","4.99","2.40","0.42","17","39.92","8"
659,"Park Citizen",3,"14.99","4.99","3.00","0.33","9","39.92","8"
124,"Casper Dragonfly",3,"16.99","4.99","3.40","0.29","11","39.92","8"
47,"Baby Hall",5,"23.99","4.99","4.81","0.21","25","39.92","8"
384,"Grosse Wonderful",5,"19.99","4.99","4.01","0.25","21","39.92","8"
817,"Soldiers Evolution",7,"27.99","4.99","5.61","0.18","40","39.92","8"
703,"Punk Divorce",6,"18.99","4.99","3.81","0.26","23","39.92","8"
828,"Spiking Element",7,"12.99","2.99","4.34","0.23","31","38.87","13"
829,"Spinal Rocky",7,"12.99","2.99","4.34","0.23","31","38.87","13"
842,"State Wasteland",4,"13.99","2.99","4.68","0.21","19","38.87","13"
573,"Microcosmos Paradise",6,"22.99","2.99","7.69","0.13","47","38.87","13"
296,"Express Lonely",5,"23.99","2.99","8.02","0.12","41","38.87","13"
540,"Lucky Flying",7,"10.99","2.99","3.68","0.27","26","38.87","13"
209,"Darkness War",6,"24.99","2.99","8.36","0.12","51","38.87","13"
449,"Identity Lover",4,"12.99","2.99","4.34","0.23","18","38.87","13"
917,"Tuxedo Mile",3,"24.99","2.99","8.36","0.12","26","38.87","13"
328,"Forever Candidate",7,"28.99","2.99","9.70","0.10","68","38.87","13"
293,"Exorcist Sting",6,"17.99","2.99","6.02","0.17","37","38.87","13"
660,"Party Knock",7,"11.99","2.99","4.01","0.25","29","38.87","13"
96,"Breaking Home",4,"21.99","2.99","7.35","0.14","30","38.87","13"
705,"Purple Movie",4,"9.99","2.99","3.34","0.30","14","38.87","13"
519,"Liberty Magnificent",3,"27.99","2.99","9.36","0.11","29","35.88","12"
576,"Mighty Luck",7,"13.99","2.99","4.68","0.21","33","35.88","12"
928,"Uptown Young",5,"16.99","2.99","5.68","0.18","29","35.88","12"
564,"Massage Image",4,"11.99","2.99","4.01","0.25","17","35.88","12"
413,"Hedwig Alter",7,"16.99","2.99","5.68","0.18","40","35.88","12"
3,"Adaptation Holes",7,"18.99","2.99","6.35","0.16","45","35.88","12"
9,"Alabama Devil",3,"21.99","2.99","7.35","0.14","23","35.88","12"
533,"Lost Bird",4,"21.99","2.99","7.35","0.14","30","35.88","12"
80,"Blanket Beverly",7,"21.99","2.99","7.35","0.14","52","35.88","12"
825,"Speakeasy Date",6,"22.99","2.99","7.69","0.13","47","35.88","12"
5,"African Egg",6,"22.99","2.99","7.69","0.13","47","35.88","12"
389,"Gunfighter Mussolini",3,"9.99","2.99","3.34","0.30","11","35.88","12"
977,"Window Side",3,"25.99","2.99","8.69","0.12","27","35.88","12"
567,"Meet Chocolate",3,"26.99","2.99","9.03","0.11","28","35.88","12"
268,"Early Home",6,"27.99","4.99","5.61","0.18","34","34.93","7"
470,"Ishtar Rocketeer",4,"24.99","4.99","5.01","0.20","21","34.93","7"
779,"Sense Greek",4,"23.99","4.99","4.81","0.21","20","34.93","7"
156,"Clerks Angels",3,"15.99","4.99","3.20","0.31","10","34.93","7"
289,"Eve Resurrection",5,"25.99","4.99","5.21","0.19","27","34.93","7"
653,"Panic Club",3,"15.99","4.99","3.20","0.31","10","34.93","7"
278,"Elf Murder",4,"19.99","4.99","4.01","0.25","17","34.93","7"
316,"Fire Wolves",5,"18.99","4.99","3.81","0.26","20","34.93","7"
182,"Control Anthem",7,"9.99","4.99","2.00","0.50","14","34.93","7"
161,"Clue Grail",6,"27.99","4.99","5.61","0.18","34","34.93","7"
411,"Heavenly Gun",5,"13.99","4.99","2.80","0.36","14","34.93","7"
248,"Dozen Lion",6,"20.99","4.99","4.21","0.24","26","34.93","7"
695,"President Bang",6,"12.99","4.99","2.60","0.38","16","34.93","7"
2,"Ace Goldfinger",3,"12.99","4.99","2.60","0.38","8","34.93","7"
187,"Cranes Reservoir",5,"12.99","2.99","4.34","0.23","22","32.89","11"
761,"Santa Paris",7,"23.99","2.99","8.02","0.12","57","32.89","11"
692,"Potluck Mixed",3,"10.99","2.99","3.68","0.27","12","32.89","11"
337,"Frida Slipper",6,"11.99","2.99","4.01","0.25","25","32.89","11"
104,"Bugsy Song",4,"17.99","2.99","6.02","0.17","25","32.89","11"
729,"Rider Caddyshack",5,"28.99","2.99","9.70","0.10","49","32.89","11"
530,"Lord Arizona",5,"27.99","2.99","9.36","0.11","47","32.89","11"
700,"Prix Undefeated",4,"13.99","2.99","4.68","0.21","19","32.89","11"
738,"Rocketeer Mother",3,"27.99","0.99","28.27","0.04","85","32.67","33"
730,"Ridgemont Submarine",3,"28.99","0.99","29.28","0.03","88","31.68","32"
489,"Juggler Hardly",4,"14.99","0.99","15.14","0.07","61","31.68","32"
382,"Grit Clockwork",3,"21.99","0.99","22.21","0.05","67","31.68","32"
891,"Timberland Sky",3,"13.99","0.99","14.13","0.07","43","30.69","31"
418,"Hobbit Alien",5,"27.99","0.99","28.27","0.04","142","30.69","31"
753,"Rush Goodfellas",3,"20.99","0.99","21.20","0.05","64","30.69","31"
883,"Tequila Past",6,"17.99","4.99","3.61","0.28","22","29.94","6"
102,"Bubble Grosse",4,"20.99","4.99","4.21","0.24","17","29.94","6"
224,"Desperate Trainspotting",7,"29.99","4.99","6.01","0.17","43","29.94","6"
884,"Terminator Club",5,"11.99","4.99","2.40","0.42","12","29.94","6"
769,"School Jacket",5,"21.99","4.99","4.41","0.23","23","29.94","6"
485,"Jersey Sassy",6,"16.99","4.99","3.40","0.29","21","29.94","6"
340,"Frontier Cabin",6,"14.99","4.99","3.00","0.33","18","29.94","6"
472,"Italian African",3,"24.99","4.99","5.01","0.20","16","29.94","6"
372,"Graceland Dynamite",5,"26.99","4.99","5.41","0.18","28","29.94","6"
32,"Apocalypse Flamingos",6,"11.99","4.99","2.40","0.42","15","29.94","6"
405,"Haunted Antitrust",6,"13.99","4.99","2.80","0.36","17","29.94","6"
726,"Reservoir Adaptation",7,"29.99","2.99","10.03","0.10","71","29.90","10"
393,"Halloween Nuts",6,"19.99","2.99","6.69","0.15","41","29.90","10"
837,"Stage World",4,"19.99","2.99","6.69","0.15","27","29.90","10"
952,"Wagon Jaws",7,"17.99","2.99","6.02","0.17","43","29.90","10"
537,"Lover Truman",3,"29.99","2.99","10.03","0.10","31","29.90","10"
811,"Smile Earring",4,"29.99","2.99","10.03","0.10","41","29.90","10"
375,"Grail Frankenstein",4,"17.99","2.99","6.02","0.17","25","29.90","10"
740,"Rollercoaster Bringing",5,"13.99","2.99","4.68","0.21","24","29.90","10"
528,"Lolita World",4,"25.99","2.99","8.69","0.12","35","29.90","10"
29,"Antitrust Tomatoes",5,"11.99","2.99","4.01","0.25","21","29.90","10"
960,"Wars Pluto",5,"15.99","2.99","5.35","0.19","27","29.90","10"
522,"Life Twisted",4,"9.99","2.99","3.34","0.30","14","29.90","10"
539,"Luck Opus",7,"21.99","2.99","7.35","0.14","52","29.90","10"
368,"Gone Trouble",7,"20.99","2.99","7.02","0.14","50","29.90","10"
341,"Frost Head",5,"13.99","0.99","14.13","0.07","71","29.70","30"
109,"Butterfly Chocolat",3,"17.99","0.99","18.17","0.06","55","29.70","30"
748,"Rugrats Shakespeare",4,"16.99","0.99","17.16","0.06","69","29.70","30"
285,"English Bulworth",3,"18.99","0.99","19.18","0.05","58","29.70","30"
374,"Graffiti Love",3,"29.99","0.99","30.29","0.03","91","29.70","30"
595,"Moon Bunch",7,"20.99","0.99","21.20","0.05","149","28.71","29"
301,"Family Sweet",4,"24.99","0.99","25.24","0.04","101","28.71","29"
849,"Storm Happiness",6,"28.99","0.99","29.28","0.03","176","28.71","29"
875,"Talented Homicide",6,"9.99","0.99","10.09","0.10","61","28.71","29"
945,"Virginian Pluto",5,"22.99","0.99","23.22","0.04","117","28.71","29"
873,"Sweethearts Suspects",3,"13.99","0.99","14.13","0.07","43","28.71","29"
395,"Handicap Boondock",4,"28.99","0.99","29.28","0.03","118","27.72","28"
295,"Expendable Stallion",3,"14.99","0.99","15.14","0.07","46","27.72","28"
850,"Story Side",7,"27.99","0.99","28.27","0.04","198","27.72","28"
358,"Gilmore Boiled",5,"29.99","0.99","30.29","0.03","152","27.72","28"
951,"Voyage Legally",6,"28.99","0.99","29.28","0.03","176","27.72","28"
30,"Anything Savannah",4,"27.99","2.99","9.36","0.11","38","26.91","9"
208,"Dares Pluto",7,"16.99","2.99","5.68","0.18","40","26.91","9"
984,"Wonderful Drop",3,"20.99","2.99","7.02","0.14","22","26.91","9"
240,"Dolls Rage",7,"10.99","2.99","3.68","0.27","26","26.91","9"
264,"Dwarfs Alter",6,"13.99","2.99","4.68","0.21","29","26.91","9"
188,"Crazy Home",7,"24.99","2.99","8.36","0.12","59","26.91","9"
582,"Miracle Virtual",3,"19.99","2.99","6.69","0.15","21","26.91","9"
815,"Snatchers Montezuma",4,"14.99","2.99","5.01","0.20","21","26.91","9"
503,"Kramer Chocolate",3,"24.99","2.99","8.36","0.12","26","26.91","9"
983,"Won Dares",7,"18.99","2.99","6.35","0.16","45","26.91","9"
550,"Maguire Apache",6,"22.99","2.99","7.69","0.13","47","26.91","9"
230,"Diary Panic",7,"20.99","2.99","7.02","0.14","50","26.91","9"
714,"Random Go",6,"29.99","2.99","10.03","0.10","61","26.91","9"
114,"Camelot Vacation",3,"26.99","0.99","27.26","0.04","82","26.73","27"
870,"Swarm Gold",4,"12.99","0.99","13.12","0.08","53","26.73","27"
206,"Dancing Fever",6,"25.99","0.99","26.25","0.04","158","26.73","27"
697,"Primary Glass",7,"16.99","0.99","17.16","0.06","121","26.73","27"
625,"None Spiking",3,"18.99","0.99","19.18","0.05","58","26.73","27"
367,"Goldmine Tycoon",6,"20.99","0.99","21.20","0.05","128","26.73","27"
531,"Lose Inch",3,"18.99","0.99","19.18","0.05","58","26.73","27"
228,"Detective Vision",4,"16.99","0.99","17.16","0.06","69","26.73","27"
200,"Curtain Videotape",7,"27.99","0.99","28.27","0.04","198","26.73","27"
525,"Loathing Legally",4,"29.99","0.99","30.29","0.03","122","26.73","27"
434,"Horror Reign",3,"25.99","0.99","26.25","0.04","79","26.73","27"
901,"Tracy Cider",3,"29.99","0.99","30.29","0.03","91","25.74","26"
12,"Alaska Phantom",6,"22.99","0.99","23.22","0.04","140","25.74","26"
687,"Pocus Pulp",6,"15.99","0.99","16.15","0.06","97","25.74","26"
970,"Westward Seabiscuit",7,"11.99","0.99","12.11","0.08","85","25.74","26"
890,"Tights Dawn",5,"14.99","0.99","15.14","0.07","76","25.74","26"
101,"Brotherhood Blanket",3,"26.99","0.99","27.26","0.04","82","25.74","26"
303,"Fantasy Troopers",6,"27.99","0.99","28.27","0.04","170","25.74","26"
459,"Informer Double",4,"23.99","4.99","4.81","0.21","20","24.95","5"
781,"Seven Swarm",4,"15.99","4.99","3.20","0.31","13","24.95","5"
310,"Fever Empire",5,"20.99","4.99","4.21","0.24","22","24.95","5"
699,"Private Drop",7,"26.99","4.99","5.41","0.18","38","24.95","5"
903,"Traffic Hobbit",5,"13.99","4.99","2.80","0.36","14","24.95","5"
863,"Sun Confessions",5,"9.99","0.99","10.09","0.10","51","24.75","25"
417,"Hills Neighbors",5,"29.99","0.99","30.29","0.03","152","24.75","25"
786,"Shepherd Midsummer",7,"14.99","0.99","15.14","0.07","106","24.75","25"
555,"Mallrats United",4,"25.99","0.99","26.25","0.04","105","24.75","25"
545,"Madness Attacks",4,"14.99","0.99","15.14","0.07","61","24.75","25"
245,"Double Wrath",4,"28.99","0.99","29.28","0.03","118","24.75","25"
273,"Effect Gladiator",6,"14.99","0.99","15.14","0.07","91","24.75","25"
387,"Gun Bonnie",7,"27.99","0.99","28.27","0.04","198","24.75","25"
266,"Dynamite Tarzan",4,"27.99","0.99","28.27","0.04","114","24.75","25"
247,"Downhill Enough",3,"19.99","0.99","20.19","0.05","61","24.75","25"
309,"Feud Frogmen",6,"29.99","0.99","30.29","0.03","182","24.75","25"
431,"Hoosiers Birdcage",3,"12.99","2.99","4.34","0.23","14","23.92","8"
939,"Vertigo Northwest",4,"17.99","2.99","6.02","0.17","25","23.92","8"
876,"Tarzan Videotape",3,"11.99","2.99","4.01","0.25","13","23.92","8"
136,"Chaplin License",7,"26.99","2.99","9.03","0.11","64","23.92","8"
548,"Magnificent Chitty",3,"27.99","2.99","9.36","0.11","29","23.92","8"
758,"Saints Bride",5,"11.99","2.99","4.01","0.25","21","23.92","8"
926,"Untouchables Sunrise",5,"11.99","2.99","4.01","0.25","21","23.92","8"
197,"Crusade Honey",4,"27.99","2.99","9.36","0.11","38","23.92","8"
490,"Jumanji Blade",4,"13.99","2.99","4.68","0.21","19","23.92","8"
923,"Unfaithful Kill",7,"12.99","2.99","4.34","0.23","31","23.92","8"
364,"Godfather Diary",3,"14.99","2.99","5.01","0.20","16","23.92","8"
223,"Desire Alien",7,"24.99","2.99","8.36","0.12","59","23.92","8"
146,"Chitty Lock",6,"24.99","2.99","8.36","0.12","51","23.92","8"
741,"Roman Punk",7,"28.99","0.99","29.28","0.03","205","23.76","24"
852,"Strangelove Desire",4,"27.99","0.99","28.27","0.04","114","23.76","24"
91,"Bound Cheaper",5,"17.99","0.99","18.17","0.06","91","23.76","24"
810,"Slums Duck",5,"21.99","0.99","22.21","0.05","112","23.76","24"
11,"Alamo Videotape",6,"16.99","0.99","17.16","0.06","103","23.76","24"
366,"Goldfinger Sensibility",3,"29.99","0.99","30.29","0.03","91","23.76","24"
119,"Caper Motions",6,"22.99","0.99","23.22","0.04","140","23.76","24"
130,"Celebrity Horn",7,"24.99","0.99","25.24","0.04","177","23.76","24"
586,"Mockingbird Hollywood",4,"27.99","0.99","28.27","0.04","114","23.76","24"
650,"Pacific Amistad",3,"27.99","0.99","28.27","0.04","85","23.76","24"
966,"Wedding Apollo",3,"14.99","0.99","15.14","0.07","46","23.76","24"
641,"Orange Grapes",4,"21.99","0.99","22.21","0.05","89","23.76","24"
388,"Gunfight Moon",5,"16.99","0.99","17.16","0.06","86","23.76","24"
491,"Jumping Wrath",4,"18.99","0.99","19.18","0.05","77","23.76","24"
790,"Shootist Superfly",6,"22.99","0.99","23.22","0.04","140","23.76","24"
816,"Snowman Rollercoaster",3,"27.99","0.99","28.27","0.04","85","22.77","23"
982,"Women Dorado",4,"23.99","0.99","24.23","0.04","97","22.77","23"
504,"Kwai Homeward",5,"25.99","0.99","26.25","0.04","132","22.77","23"
1,"Academy Dinosaur",6,"20.99","0.99","21.20","0.05","128","22.77","23"
270,"Earth Vision",7,"29.99","0.99","30.29","0.03","213","22.77","23"
494,"Karate Moon",4,"21.99","0.99","22.21","0.05","89","22.77","23"
646,"Outbreak Divine",6,"12.99","0.99","13.12","0.08","79","22.77","23"
976,"Wind Phantom",6,"12.99","0.99","13.12","0.08","79","22.77","23"
122,"Carrie Bunch",7,"11.99","0.99","12.11","0.08","85","22.77","23"
191,"Crooked Frogmen",6,"27.99","0.99","28.27","0.04","170","22.77","23"
26,"Annie Identity",3,"15.99","0.99","16.15","0.06","49","21.78","22"
18,"Alter Victory",6,"27.99","0.99","28.27","0.04","170","21.78","22"
406,"Haunting Pianist",5,"22.99","0.99","23.22","0.04","117","21.78","22"
176,"Congeniality Quest",6,"21.99","0.99","22.21","0.05","134","21.78","22"
376,"Grapes Fury",4,"20.99","0.99","21.20","0.05","85","21.78","22"
142,"Chicken Hellfighters",3,"24.99","0.99","25.24","0.04","76","21.78","22"
949,"Volcano Texas",6,"27.99","0.99","28.27","0.04","170","21.78","22"
79,"Blade Polish",5,"10.99","0.99","11.10","0.09","56","21.78","22"
651,"Packer Madigan",3,"20.99","0.99","21.20","0.05","64","21.78","22"
54,"Banger Pinocchio",5,"15.99","0.99","16.15","0.06","81","21.78","22"
314,"Fight Jawbreaker",3,"13.99","0.99","14.13","0.07","43","21.78","22"
143,"Chill Luck",6,"17.99","0.99","18.17","0.06","110","21.78","22"
89,"Borrowers Bedazzled",7,"22.99","0.99","23.22","0.04","163","21.78","22"
605,"Mulholland Beast",7,"13.99","2.99","4.68","0.21","33","20.93","7"
569,"Menagerie Rushmore",7,"18.99","2.99","6.35","0.16","45","20.93","7"
185,"Cowboy Doom",3,"10.99","2.99","3.68","0.27","12","20.93","7"
237,"Divorce Shining",3,"21.99","2.99","7.35","0.14","23","20.93","7"
541,"Luke Mummy",5,"21.99","2.99","7.35","0.14","37","20.93","7"
53,"Bang Kwai",5,"25.99","2.99","8.69","0.12","44","20.93","7"
238,"Doctor Grail",4,"29.99","2.99","10.03","0.10","41","20.93","7"
520,"License Weekend",7,"28.99","2.99","9.70","0.10","68","20.93","7"
513,"Leathernecks Dwarfs",6,"21.99","2.99","7.35","0.14","45","20.93","7"
836,"Squad Fish",3,"14.99","2.99","5.01","0.20","16","20.93","7"
106,"Bulworth Commandments",4,"14.99","2.99","5.01","0.20","21","20.93","7"
684,"Pizza Jumanji",4,"11.99","2.99","4.01","0.25","17","20.93","7"
981,"Wolves Desire",7,"13.99","0.99","14.13","0.07","99","20.79","21"
416,"Highball Potter",6,"10.99","0.99","11.10","0.09","67","20.79","21"
39,"Armageddon Lost",5,"10.99","0.99","11.10","0.09","56","20.79","21"
727,"Resurrection Silverado",6,"12.99","0.99","13.12","0.08","79","20.79","21"
920,"Unbreakable Karate",3,"16.99","0.99","17.16","0.06","52","20.79","21"
681,"Pirates Roxanne",4,"20.99","0.99","21.20","0.05","85","20.79","21"
164,"Coast Rainbow",4,"20.99","0.99","21.20","0.05","85","20.79","21"
833,"Splendor Patton",5,"20.99","0.99","21.20","0.05","106","20.79","21"
19,"Amadeus Holy",6,"20.99","0.99","21.20","0.05","128","20.79","21"
280,"Empire Malkovich",7,"26.99","0.99","27.26","0.04","191","20.79","21"
249,"Dracula Crystal",7,"26.99","0.99","27.26","0.04","191","20.79","21"
317,"Fireball Philadelphia",4,"25.99","0.99","26.25","0.04","105","20.79","21"
23,"Anaconda Confessions",3,"9.99","0.99","10.09","0.10","31","20.79","21"
953,"Wait Cider",3,"9.99","0.99","10.09","0.10","31","20.79","21"
242,"Doom Dancing",4,"13.99","0.99","14.13","0.07","57","20.79","21"
132,"Chainsaw Uptown",6,"25.99","0.99","26.25","0.04","158","20.79","21"
677,"Pianist Outfield",6,"25.99","0.99","26.25","0.04","158","20.79","21"
377,"Grease Youth",7,"20.99","0.99","21.20","0.05","149","20.79","21"
602,"Mourning Purple",5,"14.99","0.99","15.14","0.07","76","20.79","21"
807,"Sleuth Orient",4,"25.99","0.99","26.25","0.04","105","20.79","21"
218,"Deceiver Betrayed",7,"22.99","0.99","23.22","0.04","163","20.79","21"
149,"Christmas Moonshine",7,"21.99","0.99","22.21","0.05","156","20.79","21"
292,"Excitement Eve",3,"20.99","0.99","21.20","0.05","64","20.79","21"
904,"Train Bunch",3,"26.99","4.99","5.41","0.18","17","19.96","4"
743,"Room Roman",7,"27.99","0.99","28.27","0.04","198","19.80","20"
496,"Kick Savannah",3,"10.99","0.99","11.10","0.09","34","19.80","20"
733,"River Outlaw",4,"29.99","0.99","30.29","0.03","122","19.80","20"
467,"Intrigue Worst",6,"10.99","0.99","11.10","0.09","67","19.80","20"
363,"Go Purple",3,"12.99","0.99","13.12","0.08","40","19.80","20"
562,"Masked Bubble",6,"12.99","0.99","13.12","0.08","79","19.80","20"
402,"Harper Dying",3,"15.99","0.99","16.15","0.06","49","19.80","20"
147,"Chocolat Harry",5,"16.99","0.99","17.16","0.06","86","19.80","20"
140,"Cheaper Clyde",6,"23.99","0.99","24.23","0.04","146","19.80","20"
851,"Straight Hours",3,"19.99","0.99","20.19","0.05","61","19.80","20"
647,"Outfield Massacre",4,"18.99","0.99","19.18","0.05","77","19.80","20"
906,"Tramp Others",4,"27.99","0.99","28.27","0.04","114","19.80","20"
535,"Love Suicides",6,"21.99","0.99","22.21","0.05","134","19.80","20"
204,"Dalmations Sweden",4,"25.99","0.99","26.25","0.04","105","19.80","20"
728,"Reunion Witches",3,"26.99","0.99","27.26","0.04","82","19.80","20"
479,"Jedi Beneath",7,"12.99","0.99","13.12","0.08","92","18.81","19"
160,"Club Graffiti",4,"12.99","0.99","13.12","0.08","53","18.81","19"
344,"Fury Murder",3,"28.99","0.99","29.28","0.03","88","18.81","19"
429,"Honey Ties",3,"29.99","0.99","30.29","0.03","91","18.81","19"
282,"Encounters Curtain",5,"20.99","0.99","21.20","0.05","106","18.81","19"
864,"Sundance Invasion",5,"21.99","0.99","22.21","0.05","112","18.81","19"
747,"Roxanne Rebel",5,"9.99","0.99","10.09","0.10","51","18.81","19"
457,"Independence Hotel",5,"21.99","0.99","22.21","0.05","112","18.81","19"
345,"Gables Metropolis",3,"17.99","0.99","18.17","0.06","55","18.81","19"
281,"Encino Elf",6,"9.99","0.99","10.09","0.10","61","18.81","19"
233,"Disciple Mother",3,"17.99","0.99","18.17","0.06","55","18.81","19"
948,"Voice Peach",6,"22.99","0.99","23.22","0.04","140","18.81","19"
663,"Patient Sister",7,"29.99","0.99","30.29","0.03","213","18.81","19"
269,"Earring Instinct",3,"22.99","0.99","23.22","0.04","70","18.81","19"
436,"Hours Rage",4,"14.99","0.99","15.14","0.07","61","18.81","19"
311,"Fiction Christmas",4,"14.99","0.99","15.14","0.07","61","18.81","19"
560,"Mars Roman",6,"21.99","0.99","22.21","0.05","134","18.81","19"
97,"Bride Intrigue",7,"24.99","0.99","25.24","0.04","177","18.81","19"
619,"Neighbors Charade",3,"20.99","0.99","21.20","0.05","64","18.81","19"
610,"Music Boondock",7,"17.99","0.99","18.17","0.06","128","18.81","19"
631,"Novocaine Flight",4,"11.99","0.99","12.11","0.08","49","18.81","19"
118,"Canyon Stock",7,"26.99","0.99","27.26","0.04","191","18.81","19"
297,"Extraordinary Conquerer",6,"29.99","2.99","10.03","0.10","61","17.94","6"
259,"Duck Racer",4,"15.99","2.99","5.35","0.19","22","17.94","6"
125,"Cassidy Wyoming",5,"19.99","2.99","6.69","0.15","34","17.94","6"
399,"Happiness United",6,"23.99","2.99","8.02","0.12","49","17.94","6"
62,"Bed Highball",5,"23.99","2.99","8.02","0.12","41","17.94","6"
754,"Rushmore Mermaid",6,"17.99","2.99","6.02","0.17","37","17.94","6"
675,"Phantom Glory",6,"17.99","2.99","6.02","0.17","37","17.94","6"
959,"Warlock Werewolf",6,"10.99","2.99","3.68","0.27","23","17.94","6"
498,"Killer Innocent",7,"11.99","2.99","4.01","0.25","29","17.94","6"
746,"Rouge Squad",3,"10.99","0.99","11.10","0.09","34","17.82","18"
812,"Smoking Barbarella",7,"13.99","0.99","14.13","0.07","99","17.82","18"
524,"Lion Uncut",6,"13.99","0.99","14.13","0.07","85","17.82","18"
461,"Insects Stone",3,"14.99","0.99","15.14","0.07","46","17.82","18"
17,"Alone Trip",3,"14.99","0.99","15.14","0.07","46","17.82","18"
924,"Unforgiven Zoolander",7,"15.99","0.99","16.15","0.06","114","17.82","18"
155,"Cleopatra Devil",6,"26.99","0.99","27.26","0.04","164","17.82","18"
90,"Boulevard Mob",3,"11.99","0.99","12.11","0.08","37","17.82","18"
383,"Groove Fiction",6,"13.99","0.99","14.13","0.07","85","17.82","18"
688,"Polish Brooklyn",6,"12.99","0.99","13.12","0.08","79","17.82","18"
348,"Gandhi Kwai",7,"9.99","0.99","10.09","0.10","71","16.83","17"
744,"Roots Remember",4,"23.99","0.99","24.23","0.04","97","16.83","17"
925,"United Pilot",3,"27.99","0.99","28.27","0.04","85","16.83","17"
737,"Rock Instinct",4,"28.99","0.99","29.28","0.03","118","16.83","17"
552,"Majestic Floats",5,"15.99","0.99","16.15","0.06","81","16.83","17"
623,"Newton Labyrinth",4,"9.99","0.99","10.09","0.10","41","16.83","17"
574,"Midnight Westward",3,"19.99","0.99","20.19","0.05","61","16.83","17"
275,"Egypt Tenenbaums",3,"11.99","0.99","12.11","0.08","37","16.83","17"
488,"Joon Northwest",3,"23.99","0.99","24.23","0.04","73","16.83","17"
299,"Factory Dragon",4,"9.99","0.99","10.09","0.10","41","16.83","17"
717,"Rear Trading",6,"23.99","0.99","24.23","0.04","146","16.83","17"
534,"Louisiana Harry",5,"18.99","0.99","19.18","0.05","96","16.83","17"
877,"Taxi Kick",4,"23.99","0.99","24.23","0.04","97","16.83","17"
424,"Holocaust Highball",6,"12.99","0.99","13.12","0.08","79","16.83","17"
40,"Army Flintstones",4,"22.99","0.99","23.22","0.04","93","15.84","16"
809,"Slipper Fidelity",5,"14.99","0.99","15.14","0.07","76","15.84","16"
186,"Craft Outfield",6,"17.99","0.99","18.17","0.06","110","15.84","16"
963,"Watch Tracy",5,"12.99","0.99","13.12","0.08","66","15.84","16"
189,"Creatures Shakespeare",3,"23.99","0.99","24.23","0.04","73","15.84","16"
601,"Moulin Wake",4,"20.99","0.99","21.20","0.05","85","15.84","16"
85,"Bonnie Holocaust",4,"29.99","0.99","30.29","0.03","122","15.84","16"
855,"Streak Ridgemont",7,"28.99","0.99","29.28","0.03","205","15.84","16"
427,"Homeward Cider",5,"19.99","0.99","20.19","0.05","101","15.84","16"
862,"Summer Scarface",5,"25.99","0.99","26.25","0.04","132","15.84","16"
696,"Pride Alamo",6,"20.99","0.99","21.20","0.05","128","15.84","16"
797,"Silence Kane",7,"23.99","0.99","24.23","0.04","170","15.84","16"
105,"Bull Shawshank",6,"21.99","0.99","22.21","0.05","134","15.84","16"
458,"Indian Love",4,"26.99","0.99","27.26","0.04","110","15.84","16"
111,"Caddyshack Jedi",3,"17.99","0.99","18.17","0.06","55","15.84","16"
606,"Mummy Creatures",3,"15.99","0.99","16.15","0.06","49","15.84","16"
600,"Motions Details",5,"16.99","0.99","17.16","0.06","86","15.84","16"
343,"Full Flatliners",6,"14.99","2.99","5.01","0.20","31","14.95","5"
94,"Braveheart Human",7,"14.99","2.99","5.01","0.20","36","14.95","5"
362,"Glory Tracy",7,"13.99","2.99","4.68","0.21","33","14.95","5"
612,"Mussolini Spoilers",6,"10.99","2.99","3.68","0.27","23","14.95","5"
558,"Mannequin Worst",3,"18.99","2.99","6.35","0.16","20","14.95","5"
107,"Bunch Minds",4,"13.99","2.99","4.68","0.21","19","14.95","5"
441,"Hunter Alter",5,"21.99","2.99","7.35","0.14","37","14.95","5"
180,"Conspiracy Spirit",4,"27.99","2.99","9.36","0.11","38","14.95","5"
452,"Illusion Amelie",4,"15.99","0.99","16.15","0.06","65","14.85","15"
287,"Entrapment Satisfaction",5,"19.99","0.99","20.19","0.05","101","14.85","15"
830,"Spirit Flintstones",7,"23.99","0.99","24.23","0.04","170","14.85","15"
598,"Mosquito Armageddon",6,"22.99","0.99","23.22","0.04","140","14.85","15"
896,"Tootsie Pilot",3,"10.99","0.99","11.10","0.09","34","14.85","15"
907,"Translation Summer",4,"10.99","0.99","11.10","0.09","45","14.85","15"
795,"Siege Madre",7,"23.99","0.99","24.23","0.04","170","14.85","15"
932,"Valley Packer",3,"21.99","0.99","22.21","0.05","67","14.85","15"
732,"Rings Heartbreakers",5,"17.99","0.99","18.17","0.06","91","14.85","15"
618,"Necklace Outbreak",3,"21.99","0.99","22.21","0.05","67","14.85","15"
796,"Sierra Divide",3,"12.99","0.99","13.12","0.08","40","14.85","15"
589,"Modern Dorado",3,"20.99","0.99","21.20","0.05","64","14.85","15"
634,"Odds Boogie",6,"14.99","0.99","15.14","0.07","91","14.85","15"
942,"Vietnam Smoochy",7,"27.99","0.99","28.27","0.04","198","14.85","15"
110,"Cabin Flash",4,"25.99","0.99","26.25","0.04","105","14.85","15"
379,"Greedy Roots",7,"14.99","0.99","15.14","0.07","106","13.86","14"
629,"Notorious Reunion",7,"9.99","0.99","10.09","0.10","71","13.86","14"
652,"Pajama Jawbreaker",3,"14.99","0.99","15.14","0.07","46","13.86","14"
832,"Splash Gump",5,"16.99","0.99","17.16","0.06","86","13.86","14"
992,"Wrath Mile",5,"17.99","0.99","18.17","0.06","91","13.86","14"
673,"Personal Ladybugs",3,"19.99","0.99","20.19","0.05","61","13.86","14"
599,"Mother Oleander",3,"20.99","0.99","21.20","0.05","64","13.86","14"
913,"Troopers Metal",3,"20.99","0.99","21.20","0.05","64","13.86","14"
241,"Donnie Alley",4,"20.99","0.99","21.20","0.05","85","13.86","14"
493,"Kane Exorcist",5,"18.99","0.99","19.18","0.05","96","13.86","14"
205,"Dances None",3,"22.99","0.99","23.22","0.04","70","13.86","14"
360,"Glass Dying",4,"24.99","0.99","25.24","0.04","101","13.86","14"
840,"Stampede Disturbing",5,"26.99","0.99","27.26","0.04","137","13.86","14"
894,"Tomatoes Hellfighters",6,"23.99","0.99","24.23","0.04","146","13.86","14"
423,"Hollywood Anonymous",7,"29.99","0.99","30.29","0.03","213","12.87","13"
736,"Robbery Bright",4,"21.99","0.99","22.21","0.05","89","12.87","13"
213,"Date Speed",4,"19.99","0.99","20.19","0.05","81","12.87","13"
577,"Mile Mulan",4,"10.99","0.99","11.10","0.09","45","12.87","13"
153,"Citizen Shrek",7,"18.99","0.99","19.18","0.05","135","12.87","13"
882,"Tenenbaums Command",4,"24.99","0.99","25.24","0.04","101","12.87","13"
604,"Mulan Moon",4,"10.99","0.99","11.10","0.09","45","12.87","13"
63,"Bedazzled Married",6,"21.99","0.99","22.21","0.05","134","12.87","13"
440,"Hunger Roof",6,"21.99","0.99","22.21","0.05","134","12.87","13"
290,"Everyone Craft",4,"29.99","0.99","30.29","0.03","122","12.87","13"
258,"Drums Dynamite",6,"11.99","0.99","12.11","0.08","73","12.87","13"
27,"Anonymous Human",7,"12.99","0.99","13.12","0.08","92","12.87","13"
593,"Monterey Labyrinth",6,"13.99","0.99","14.13","0.07","85","12.87","13"
511,"Lawrence Love",7,"23.99","0.99","24.23","0.04","170","12.87","13"
617,"Natural Stock",4,"24.99","0.99","25.24","0.04","101","12.87","13"
430,"Hook Chariots",7,"23.99","0.99","24.23","0.04","170","12.87","13"
34,"Arabia Dogma",6,"29.99","0.99","30.29","0.03","182","12.87","13"
762,"Sassy Packer",6,"29.99","0.99","30.29","0.03","182","12.87","13"
584,"Mixed Doors",6,"26.99","2.99","9.03","0.11","55","11.96","4"
400,"Hardly Robbers",7,"15.99","2.99","5.35","0.19","38","11.96","4"
581,"Minority Kiss",4,"16.99","0.99","17.16","0.06","69","11.88","12"
585,"Mob Duffel",4,"25.99","0.99","26.25","0.04","105","11.88","12"
766,"Savannah Town",5,"25.99","0.99","26.25","0.04","132","11.88","12"
931,"Valentine Vanishing",7,"9.99","0.99","10.09","0.10","71","11.88","12"
538,"Loverboy Attacks",7,"19.99","0.99","20.19","0.05","142","11.88","12"
794,"Side Ark",5,"28.99","0.99","29.28","0.03","147","11.88","12"
194,"Crow Grease",6,"22.99","0.99","23.22","0.04","140","11.88","12"
315,"Finding Anaconda",4,"10.99","0.99","11.10","0.09","45","11.88","12"
291,"Evolution Alter",5,"10.99","0.99","11.10","0.09","56","11.88","12"
813,"Smoochy Control",7,"18.99","0.99","19.18","0.05","135","11.88","12"
821,"Sorority Queen",6,"17.99","0.99","18.17","0.06","110","11.88","12"
722,"Reef Salute",5,"26.99","0.99","27.26","0.04","137","10.89","11"
250,"Dragon Squad",4,"26.99","0.99","27.26","0.04","110","10.89","11"
509,"Language Cowboy",5,"26.99","0.99","27.26","0.04","137","10.89","11"
831,"Spirited Casualties",5,"20.99","0.99","21.20","0.05","106","10.89","11"
848,"Stone Fire",3,"19.99","0.99","20.19","0.05","61","10.89","11"
64,"Beethoven Exorcist",6,"26.99","0.99","27.26","0.04","164","10.89","11"
899,"Towers Hurricane",7,"14.99","0.99","15.14","0.07","106","10.89","11"
257,"Drumline Cyclone",3,"14.99","0.99","15.14","0.07","46","10.89","11"
306,"Feathers Metal",3,"12.99","0.99","13.12","0.08","40","10.89","11"
819,"Song Hedwig",3,"29.99","0.99","30.29","0.03","91","10.89","11"
549,"Magnolia Forrester",4,"28.99","0.99","29.28","0.03","118","10.89","11"
283,"Ending Crowds",6,"10.99","0.99","11.10","0.09","67","10.89","11"
886,"Theory Mermaid",5,"9.99","0.99","10.09","0.10","51","10.89","11"
352,"Gathering Calendar",4,"22.99","0.99","23.22","0.04","93","10.89","11"
868,"Superfly Trip",5,"27.99","0.99","28.27","0.04","142","9.90","10"
630,"Notting Speakeasy",7,"19.99","0.99","20.19","0.05","142","9.90","10"
636,"Oleander Clue",5,"12.99","0.99","13.12","0.08","66","9.90","10"
82,"Blood Argonauts",3,"13.99","0.99","14.13","0.07","43","9.90","10"
834,"Spoilers Hellfighters",4,"26.99","0.99","27.26","0.04","110","9.90","10"
339,"Frogmen Breaking",5,"17.99","0.99","18.17","0.06","91","9.90","10"
477,"Jawbreaker Brooklyn",5,"15.99","0.99","16.15","0.06","81","9.90","10"
157,"Clockwork Paradise",7,"29.99","0.99","30.29","0.03","213","9.90","10"
482,"Jeopardy Encino",3,"12.99","0.99","13.12","0.08","40","9.90","10"
66,"Beneath Rush",6,"27.99","0.99","28.27","0.04","170","9.90","10"
553,"Maker Gables",4,"12.99","0.99","13.12","0.08","53","9.90","10"
750,"Run Pacific",3,"25.99","0.99","26.25","0.04","79","9.90","10"
613,"Mystic Truman",5,"19.99","0.99","20.19","0.05","101","9.90","10"
76,"Birdcage Casper",4,"23.99","0.99","24.23","0.04","97","8.91","9"
357,"Gilbert Pelican",7,"13.99","0.99","14.13","0.07","99","8.91","9"
940,"Victory Academy",6,"19.99","0.99","20.19","0.05","122","8.91","9"
425,"Holy Tadpole",6,"20.99","0.99","21.20","0.05","128","8.91","9"
492,"Jungle Closer",6,"11.99","0.99","12.11","0.08","73","8.91","9"
978,"Wisdom Worker",3,"12.99","0.99","13.12","0.08","40","8.91","9"
998,"Zhivago Core",6,"10.99","0.99","11.10","0.09","67","8.91","9"
454,"Impact Aladdin",6,"20.99","0.99","21.20","0.05","128","8.91","9"
516,"Legend Jedi",7,"18.99","0.99","19.18","0.05","135","8.91","9"
355,"Ghostbusters Elf",7,"18.99","0.99","19.18","0.05","135","8.91","9"
594,"Montezuma Command",6,"22.99","0.99","23.22","0.04","140","8.91","9"
822,"Soup Wisdom",6,"12.99","0.99","13.12","0.08","79","7.92","8"
787,"Shining Roses",4,"12.99","0.99","13.12","0.08","53","7.92","8"
225,"Destination Jerk",3,"19.99","0.99","20.19","0.05","61","7.92","8"
656,"Papi Necklace",3,"9.99","0.99","10.09","0.10","31","7.92","8"
674,"Pet Haunting",3,"11.99","0.99","12.11","0.08","37","7.92","8"
752,"Runner Madigan",6,"27.99","0.99","28.27","0.04","170","7.92","8"
401,"Harold French",6,"10.99","0.99","11.10","0.09","67","7.92","8"
163,"Clyde Theory",4,"29.99","0.99","30.29","0.03","122","7.92","8"
566,"Maude Mod",6,"20.99","0.99","21.20","0.05","128","7.92","8"
751,"Runaway Tenenbaums",6,"17.99","0.99","18.17","0.06","110","7.92","8"
866,"Sunset Racer",6,"28.99","0.99","29.28","0.03","176","7.92","8"
52,"Ballroom Mockingbird",6,"29.99","0.99","30.29","0.03","182","7.92","8"
523,"Lights Deer",7,"21.99","0.99","22.21","0.05","156","7.92","8"
718,"Rebel Airport",7,"24.99","0.99","25.24","0.04","177","7.92","8"
990,"World Leathernecks",3,"13.99","0.99","14.13","0.07","43","7.92","8"
947,"Vision Torque",5,"16.99","0.99","17.16","0.06","86","6.93","7"
839,"Stallion Sundance",5,"23.99","0.99","24.23","0.04","122","6.93","7"
622,"Newsies Story",4,"25.99","0.99","26.25","0.04","105","6.93","7"
935,"Vanished Garden",5,"17.99","0.99","18.17","0.06","91","6.93","7"
178,"Connection Microcosmos",6,"25.99","0.99","26.25","0.04","158","6.93","7"
407,"Hawk Chill",5,"12.99","0.99","13.12","0.08","66","6.93","7"
517,"Lesson Cleopatra",3,"28.99","0.99","29.28","0.03","88","6.93","7"
261,"Duffel Apocalypse",5,"13.99","0.99","14.13","0.07","71","6.93","7"
996,"Young Language",6,"9.99","0.99","10.09","0.10","61","6.93","7"
196,"Cruelty Unforgiven",7,"29.99","0.99","30.29","0.03","213","6.93","7"
547,"Magic Mallrats",3,"19.99","0.99","20.19","0.05","61","6.93","7"
910,"Treatment Jekyll",3,"19.99","0.99","20.19","0.05","61","6.93","7"
885,"Texas Watch",7,"22.99","0.99","23.22","0.04","163","5.94","6"
808,"Sling Luke",5,"10.99","0.99","11.10","0.09","56","5.94","6"
262,"Dumbo Lust",5,"17.99","0.99","18.17","0.06","91","5.94","6"
997,"Youth Kick",4,"14.99","0.99","15.14","0.07","61","5.94","6"
507,"Ladybugs Armageddon",4,"13.99","0.99","14.13","0.07","57","5.94","6"
635,"Oklahoma Jumanji",7,"15.99","0.99","16.15","0.06","114","5.94","6"
168,"Comancheros Enemy",5,"23.99","0.99","24.23","0.04","122","5.94","6"
799,"Simon North",3,"26.99","0.99","27.26","0.04","82","5.94","6"
965,"Watership Frontier",6,"28.99","0.99","29.28","0.03","176","5.94","6"
475,"Japanese Run",6,"29.99","0.99","30.29","0.03","182","5.94","6"
974,"Wild Apollo",4,"24.99","0.99","25.24","0.04","101","5.94","6"
335,"Freedom Cleopatra",5,"23.99","0.99","24.23","0.04","122","4.95","5"
